model_id	ref_id	year	study	journal_or_type	turbine	structure_height_or_hub	concrete_steel_layout	model_tool	validation	model_family	reuse_status	fulltext_status	benchmark_value	notes
BM001	REF002	2019	Kenna, The Response and Optimisation of Hybrid Wind Turbine Towers	PhD thesis	parameterized hybrid turbines	multiple hub heights/hybrid ratios	steel-concrete hybrid, analytical/FE families	analytical + FE + reduced-order aeroelastic	benchmarking inside thesis	F-KENNA	independent parametric family	OA pending cache	medium	excellent research architecture; not a single community-standard geometry
BM002	NEW-CHEN2020	2020	Design optimization of steel-concrete hybrid wind turbine tower based on improved genetic algorithm	Structural Design of Tall and Special Buildings	2.0 MW	hub 120 m; initial concrete section 32 m	lower concrete + upper steel	optimization + structural analysis	design-code constraints	F-CHEN-2MW	origin of Tongji 2MW family candidate	OA-download-attempt	high	variables include diameters, thicknesses, concrete height, prestress area
BM003	NEW-CHEN2022-JVC	2022	Seismic response analysis of steel-concrete hybrid wind turbine tower	Journal of Vibration and Control	2.0 MW	not closed from abstract	lower concrete + upper steel	ABAQUS	response spectrum + nonlinear time history	F-CHEN-2MW	probable same/same-wind-farm family; exact geometry unverified	paywalled/metadata	high	paper states full steel and hybrid towers are from same wind farm
BM004	NEW-CHEN2023-ACTA	2023	Comprehensive analysis of dynamic response of steel and steel-concrete combined wind turbine towers	Acta Energiae Solaris Sinica	2 MW	not closed from abstract	steel vs steel-concrete combined	FAST	comparative operational/emergency-shutdown response	F-CHEN-2MW	same-author 2MW family; exact geometry reuse unverified	publisher PDF available	medium-high	useful for reuse-network check, not direct international benchmark evidence
BM005	REF003	2021	Hybrid Wind Turbine Towers Optimization with a Parallel Updated Particle Swarm Algorithm	Applied Sciences	2 MW	design height 77.5 m	PC lower + steel upper	optimization / structural model	code/constraint based	F-LI-PCSH-2MW	origin optimized PCSH family	cached	high	open fulltext; steel segment recommended about 30% of total
BM006	REF005	2023	Experimental and two-scale numerical studies on the behavior of prestressed concrete-steel hybrid wind turbine tower models	Engineering Structures	2 MW	full-scale optimized tower reused; exact dimensions pending full PDF	prestressed concrete-steel hybrid	two-scale FE + solid/fiber models	scaled substructure experiment	F-LI-PCSH-2MW	STRONG REUSE: explicitly analyzes optimized full-scale PCSH previously developed by authors	need-user	high	strongest direct model-reuse evidence found so far
BM007	REF004	2022	Geometric optimisation analysis of Steel-Concrete hybrid wind turbine towers	Structures	rating not closed here	tower 160 m	lower concrete + upper steel	geometric optimization / FE	constraint-based verification	F-ZHOU-160M	origin of 160m optimization family candidate	cached	high	widely cited 160m hybrid tower design paper
BM008	REF020	2024	Intelligent optimal design of steel-concrete hybrid wind turbine tower based on evolutionary algorithm	Journal of Constructional Steel Research	5 MW	hub 160 m	lower prestressed concrete + upper steel	OpenSees parametric FE	manual-optimization comparison	F-ZHOU-160M	same Chongqing/Zhou 160m research family; exact geometry reuse pending fulltext	need-user	high	optimization variables: radii, thicknesses, concrete height, prestress area
BM009	REF021	2025	Generative design of steel-prestressed concrete hybrid wind turbine tower based on machine learning and multi-objective optimization	Engineering Structures	likely same 160m design family; rating/full geometry pending PDF	model details pending PDF	prestressed concrete-steel hybrid	FE database + SVM/ANN/XGBoost + NSGA-II	prediction/optimization validation	F-ZHOU-160M	same research group/family; exact reuse unverified	need-user	high	shows algorithm novelty alone is insufficient
BM010	REF018	2025	Fatigue analysis of segmental precast post-tensioned concrete towers under operational wind turbine loads	Engineering Structures	NREL 5 MW	160 m SCHT	SPPT concrete lower + tubular steel upper	multibody turbine + fatigue evaluation	operational load/fatigue sensitivity	F-ZHOU-160M	160m family; exact geometric identity with Huang2022/Cheng pending PDF	need-user	high	mean stress, prestress, azimuth, sample size and uncertainty examined
BM011	NEW-WU2022-SCS	2022	Design and behavior of 160 m-tall post-tensioned precast concrete-steel hybrid wind turbine tower	Steel and Composite Structures	rating pending fulltext	160 m	post-tensioned precast concrete-steel hybrid	analytical stress + FE	FE validation of proposed stress approach	F-WU-160M	independent Wu/Kang 160m family	OA-download-attempt	high	important independent 160m family outside Zhou/Hunan lineages
BM012	NEW-WU2022-IJCSM	2022	Structural Behavior Analysis of UHPC Hybrid Tower for 3-MW Super Tall Wind Turbine Under Rated Wind Load	International Journal of Concrete Structures and Materials	3 MW	120 m	UHPC segmented/prestressed tower concept	FE	design-parametric analysis	F-WU-UHPC-120M	different model from BM011 despite overlapping authors	OA-download-attempt	medium-high	bottom/top diameters 12/3m; 23x5 segments reported
BM013	NEW-KIM2019	2019	Experimental Investigation of the Steel-Concrete Joint in a Hybrid Tower for a Wind Turbine under Fatigue Loading	KSCE Journal of Civil Engineering	specimen-level	joint specimens	steel-concrete joint with anchor bolts	experiment	2 million fatigue cycles + residual test	F-KIM-JOINT	not a full-tower benchmark	OA-download-attempt	medium	excellent joint fatigue evidence, not baseline geometry
BM014	REF029	2020	Life Cycle Assessment of Tall Onshore Hybrid Steel Wind Turbine Towers	Energies	tall onshore hybrid tower	multiple concepts	steel/concrete hybrid concepts	LCA/design comparison	comparative study	F-GKANTOU	independent concept family	cached	medium	useful economic/lifecycle reference, not detailed dynamic benchmark
BM015	REF010	2024	Intelligent analysis of dynamic characteristics of steel-concrete hybrid wind turbine tower based on adaptive vibration mode	Structures	full-scale hybrid tower	height/rating pending full PDF	concrete + transition + steel; external prestress	analytical + ABAQUS	FE comparison; RNA simplification comparison	F-CAO-DYNAMIC	independent dynamic-analysis family	need-user	high	four RNA simplifications PM/EPM/EPMJ/EDPMJ; direct support for RNA audit
BM016	REF027	2025	Nonlinear dynamic response analyses of Onshore Wind Turbines with Steel-Concrete Hybrid Tower using a co-simulation approach	Renewable Energy	model details pending PDF	large onshore SCHT	steel upper + concrete lower	multibody + FE co-simulation	numerical verification	F-HNU-160M	same Hunan/He lineage; exact relation to He2024 requires PDF	preprint available; publisher paywall	high	SSRN preprint exists; production route not adopted in this thesis
BM017	NEW-WANG2025-MSSP	2025	High-fidelity integrated co-simulation model for dynamic analysis of onshore wind turbines with Steel-Concrete Hybrid Tower	Mechanical Systems and Signal Processing	model details pending PDF	large onshore SCHT	refined nonlinear SCHT	Simpack + Abaqus co-simulation	integrated verification	F-HNU-160M	same Hunan/He research lineage; exact geometry reuse not confirmed	need-user	high	strong state-of-art/innovation-boundary paper
BM018	REF031	2026	大型混塔式风电机组非线性动力响应分析	太阳能学报	5 MW	hub 160 m; tower 157.3 m = 112m concrete +1.5m transition +43.8m steel	concrete-steel hybrid	Simpack + Matlab/Simulink + OpenSees	model comparison/verification	F-HNU-160M	related lineage but DIRECTLY DISTINCT from He2024 10MW/158m prototype	user-uploaded fulltext	high	key warning against equating same 112m concrete height with same model
BM019	REF023	2026	Fatigue Life Evaluation of a Steel-Prestressed Concrete Hybrid Tower Under Prestress Relaxation Using a Bidirectionally Coupled Damage Model and Neural Network Surrogate	Buildings	4.55 MW in-service tower	full geometry in Table 1	35 precast concrete segments + steel upper; external tendons	ABAQUS + surrogate	engineering model/fatigue workflow	F-QU-4P55MW	unique in-service project family	cached	high	valuable fatigue/proxy boundary, not community benchmark
BM020	REF034	2026	Research on dynamic characteristics of wind turbine hybrid towers under environmental influences based on operational modal identification and refined finite element simulation	Frontiers in Built Environment	field turbine	160 m steel-concrete hybrid tower	field hybrid tower	OMA + ABAQUS	on-site measured modal validation	F-XING-160M	unique field-validated family	cached	high	strong validation benchmark but site/model specific
BM021	REF025	2026	Analysis on influence factors of static and dynamic response of prefabricated prestressed steel-concrete hybrid tower for onshore wind turbines	Results in Engineering	scaled/experimental hybrid system	details pending PDF	prefabricated prestressed hybrid	shaking-table + FE	physical test + FE	F-HAO-TEST	independent test family	OA-download-attempt	high	strong model-validation evidence
BM022	REF013	2025	Finite element modelling and design of concrete wind turbine towers subjected to combined compression and bending	Structures	joint/specimen-level	concrete tower/joint	prestressed concrete joint	FE + experiments	validated against tests	F-TAN-JOINT	joint benchmark family	cached	high	mechanism source not whole-tower benchmark
BM023	REF014	2025	Torsional behaviour of horizontal joints in prestressed concrete towers for wind turbines	Engineering Structures	joint/specimen-level	joint	prestressed horizontal joint	experiment + FE	test validation	F-TAN-JOINT	reuse/extension of same joint research family	cached	high	joint prestress/friction/torsion
BM024	REF026	2026	Evaluation of load-carrying capacity of horizontal joints in concrete wind turbine towers	Engineering Structures	joint/specimen-level	joint	concrete horizontal joint	experiment + ABAQUS	3 scaled specimens + parametric FE	F-TAN-JOINT	extension of same joint benchmark family	OA-download-attempt	high	compression+bending+shear+torsion; not full tower
BM025	REF024	2026	Model and test verification for concrete fatigue failure of the steel-concrete hybrid wind turbine tower	Case Studies in Construction Materials	material/fatigue focus	full-tower context pending PDF	concrete in hybrid tower	BPNN + FE + fatigue test database	558-test expanded database + model/test verification	F-HUANG-FATIGUE	fatigue-method family	OA-download-attempt	high	material fatigue evidence, not baseline geometry
BM026	NEW-WU2024-OFFSHORE	2024	Conceptual design of a prestressed precast UHPC-steel hybrid tower to support a 15 MW offshore wind turbine	Engineering Structures	15 MW offshore	model height pending fulltext	UHPC-steel hybrid	FE / ultimate / fatigue / cost	conceptual design checks	F-WU-OFFSHORE	OFFSHORE; excluded as direct onshore benchmark	metadata	medium	use only for structure-system comparison, not baseline selection
BM027	NEW-PCFDST2025	2025	Dynamic response of hybrid wind turbine tower with PCFDST lattice-type substructure under wind and seismic excitations	Engineering Structures	large onshore hybrid	hub >160m context; case details in paper	PCFDST lattice lower + tower upper	integrated dynamic model	validated simplified model	F-PCFDST	DIFFERENT structural family; excluded from PCSH benchmark	metadata	low-for-baseline	useful to delimit word hybrid tower
