segment,z_center_m,source_model_height_fraction,mapping,Fxt_kN,Fyt_kN,Fzt_kN,Mxt_kNm,Myt_kNm,Mzt_kNm,M_bend_kNm
CSEG_01,1.82000005,0.011518987658227849,dimensionless interpolation from 115.63m OpenFAST baseline to 158m hybrid tower (screening),2135.2903776248904,-45.96503866689401,-25646.0627875973,14748.076640626432,343476.03649539663,-6820.919041043377,343792.5150598611
CSEG_02,5.46000005,0.03455696234177215,dimensionless interpolation from 115.63m OpenFAST baseline to 158m hybrid tower (screening),2135.4004310321893,-45.959821071946266,-25634.495065575888,14745.204134192638,343336.387533019,-6820.835051207479,343652.8714403277
CSEG_03,9.10000005,0.057594937025316456,dimensionless interpolation from 115.63m OpenFAST baseline to 158m hybrid tower (screening),2135.5104844394887,-45.954603476998514,-25622.927343554475,14742.331627758842,343196.7385706413,-6820.751061371582,343513.2278491586
CSEG_04,12.740000049999999,0.08063291170886075,dimensionless interpolation from 115.63m OpenFAST baseline to 158m hybrid tower (screening),2135.6205378467876,-45.94938588205077,-25611.35962153306,14739.459121325048,343057.0896082637,-6820.667071535685,343373.5842863884
CSEG_05,16.38000005,0.10367088639240506,dimensionless interpolation from 115.63m OpenFAST baseline to 158m hybrid tower (screening),2135.7314838893726,-45.94423333572759,-25599.791752172823,14736.557427679783,342917.43369699846,-6820.583485477719,343233.93255643395
CSEG_06,20.02000005,0.12670886107594936,dimensionless interpolation from 115.63m OpenFAST baseline to 158m hybrid tower (screening),2135.846425369148,-45.93937194716815,-25588.223223323737,14733.525092022062,342777.74668249954,-6820.501706730517,343094.2441696874
CSEG_07,23.66000005,0.14974683575949368,dimensionless interpolation from 115.63m OpenFAST baseline to 158m hybrid tower (screening),2135.9613668489237,-45.934510558608714,-25576.65469447465,14730.492756364341,342638.0596680007,-6820.419927983316,342954.5558086343
CSEG_08,27.30000005,0.17278481044303798,dimensionless interpolation from 115.63m OpenFAST baseline to 158m hybrid tower (screening),2136.0763083286993,-45.929649170049274,-25565.086165625566,14727.46042070662,342498.3726535018,-6820.338149236114,342814.8674733062
CSEG_09,30.940000050000002,0.1958227851265823,dimensionless interpolation from 115.63m OpenFAST baseline to 158m hybrid tower (screening),2136.191249808475,-45.92478778148984,-25553.51763677648,14724.4280850489,342358.68563900294,-6820.256370488912,342675.1791637343
CSEG_10,34.580000049999995,0.21886075981012656,dimensionless interpolation from 115.63m OpenFAST baseline to 158m hybrid tower (screening),2136.310381980371,-45.9187017760912,-25541.948333180895,14721.406244730388,342219.19898266334,-6820.039058382581,342535.69150405057
CSEG_11,38.220000049999996,0.24189873449367086,dimensionless interpolation from 115.63m OpenFAST baseline to 158m hybrid tower (screening),2136.4301648028204,-45.912425635602204,-25530.378909297488,14718.386033927496,342079.7434341082,-6819.800703247395,342396.23501929606
CSEG_12,41.86000005,0.2649367091772152,dimensionless interpolation from 115.63m OpenFAST baseline to 158m hybrid tower (screening),2136.5499476252703,-45.906149495113205,-25518.80948541408,14715.365823124605,341940.2878855531,-6819.562348112209,342256.77856043016
CSEG_13,45.50000005,0.2879746838607595,dimensionless interpolation from 115.63m OpenFAST baseline to 158m hybrid tower (screening),2136.66973044772,-45.89987335462421,-25507.240061530672,14712.345612321715,341800.83233699796,-6819.323992977023,342117.3221274845
CSEG_14,49.14000005,0.31101265854430377,dimensionless interpolation from 115.63m OpenFAST baseline to 158m hybrid tower (screening),2136.792065316226,-45.89475298861929,-25495.670400080173,14709.407645050806,341661.2428495744,-6819.172071623549,341977.73544309015
CSEG_15,52.78000005,0.3340506332278481,dimensionless interpolation from 115.63m OpenFAST baseline to 158m hybrid tower (screening),2136.9165001000165,-45.8905836354298,-25484.100543150926,14706.53735071608,341521.54315243254,-6819.091271094445,341838.04158997117
CSEG_16,56.42000005,0.3570886079113924,dimensionless interpolation from 115.63m OpenFAST baseline to 158m hybrid tower (screening),2137.040934883807,-45.88641428224032,-25472.53068622168,14703.667056381355,341381.84345529065,-6819.010470565341,341698.3477657413
CSEG_17,60.06000005,0.3801265825949367,dimensionless interpolation from 115.63m OpenFAST baseline to 158m hybrid tower (screening),2137.1653696675976,-45.88224492905083,-25460.96082929243,14700.79676204663,341242.14375814877,-6818.929670036237,341558.6539704361
CSEG_18,63.70000005,0.403164557278481,dimensionless interpolation from 115.63m OpenFAST baseline to 158m hybrid tower (screening),2137.2913932470606,-45.8781878178226,-25449.39084059984,14697.90953541356,341102.43419182685,-6818.831354141057,341418.94961513305
CSEG_19,67.34000004999999,0.42620253196202523,dimensionless interpolation from 115.63m OpenFAST baseline to 158m hybrid tower (screening),2137.4226885281705,-45.874503130904415,-25437.820414710048,14694.966126587511,340962.6918790834,-6818.674921405674,341279.2101533469
CSEG_20,70.969999945,0.44917721484177214,dimensionless interpolation from 115.63m OpenFAST baseline to 158m hybrid tower (screening),2137.5536231041715,-45.870828566858776,-25426.28177603833,14692.03080413435,340823.3334778236,-6818.518918435064,341139.8546228297
CSEG_21,74.61000004499999,0.4722151901582278,dimensionless interpolation from 115.63m OpenFAST baseline to 158m hybrid tower (screening),2137.684918388889,-45.86714387983936,-25414.711349830668,14689.087395227438,340683.59116124106,-6818.362485695383,341000.11521262606
CSEG_22,78.26000005,0.4953164560126582,dimensionless interpolation from 115.63m OpenFAST baseline to 158m hybrid tower (screening),2137.8165743715012,-45.863449070149855,-25403.109137040672,14686.135900109362,340543.46494085307,-6818.205623199522,340859.9919345163
CSEG_23,81.90000004999999,0.5183544306962025,dimensionless interpolation from 115.63m OpenFAST baseline to 158m hybrid tower (screening),2137.947869652611,-45.85976438323167,-25391.53871115088,14683.192491283313,340403.7226281096,-6818.0491904641385,340720.2525838625
CSEG_24,85.54000005,0.5413924053797469,dimensionless interpolation from 115.63m OpenFAST baseline to 158m hybrid tower (screening),2138.079164933721,-45.856079696313486,-25379.968285261086,14680.249082457263,340263.9803153662,-6817.892757728755,340580.51326107734
CSEG_25,89.18000004999999,0.564430380063291,dimensionless interpolation from 115.63m OpenFAST baseline to 158m hybrid tower (screening),2138.2104602148315,-45.8523950093953,-25368.397859371293,14677.305673631214,340124.23800262273,-6817.736324993371,340440.7739661951
CSEG_26,92.82000005,0.5874683547468355,dimensionless interpolation from 115.63m OpenFAST baseline to 158m hybrid tower (screening),2138.3417554959415,-45.84871032247711,-25356.8274334815,14674.362264805164,339984.4956898793,-6817.579892257987,340301.0346992502
CSEG_27,96.46000004999999,0.6105063294303796,dimensionless interpolation from 115.63m OpenFAST baseline to 158m hybrid tower (screening),2138.476990212096,-45.845308379096025,-25345.256642308028,14671.368607095059,339844.7900069277,-6817.472261671403,340161.32988871326
CSEG_28,100.10000005,0.633544304113924,dimensionless interpolation from 115.63m OpenFAST baseline to 158m hybrid tower (screening),2138.6148779528203,-45.84209685021407,-25333.68560513315,14668.341109120427,339705.1089924213,-6817.397497041069,340021.6482908792
CSEG_29,103.74000004999999,0.6565822787974683,dimensionless interpolation from 115.63m OpenFAST baseline to 158m hybrid tower (screening),2138.7527656935445,-45.83888532133211,-25322.114567958266,14665.313611145793,339565.4279779149,-6817.322732410734,339881.9667195331
CSEG_30,107.38000005,0.6796202534810127,dimensionless interpolation from 115.63m OpenFAST baseline to 158m hybrid tower (screening),2138.890653434269,-45.83567379245015,-25310.543530783387,14662.286113171162,339425.74696340854,-6817.247967780399,339742.2851747076
CSEG_31,110.599999975,0.6999999998417722,dimensionless interpolation from 115.63m OpenFAST baseline to 158m hybrid tower (screening),2139.013335744796,-45.832882370841496,-25300.3075694778,14659.609672196386,339302.152652672,-6817.181808440676,339618.6905199393
