segment,top_elevation_m,top_outer_diameter_mm,wall_mm,top_inner_diameter_mm,bars_inner,bars_outer,bars_total,bar_area_mm2,longitudinal_area_mm2,concrete_annulus_area_mm2,longitudinal_ratio_percent,hoop_area_one_bar_mm2,hoop_spacing_candidate_mm,hoop_ratio_one_layer_percent,hoop_ratio_two_layers_percent
1,3.64,8170.0,280,7610.0,108,108,216,490.873852,106028.752,6940406.49,1.527702,153.93804,80,0.687223,1.374447
2,7.28,8010.0,280,7450.0,108,108,216,490.873852,106028.752,6799663.139,1.559324,153.93804,80,0.687223,1.374447
3,10.92,7850.0,280,7290.0,108,108,216,490.873852,106028.752,6658919.789,1.592282,153.93804,80,0.687223,1.374447
4,14.56,7700.0,282.5,7135.0,108,108,216,490.873852,106028.752,6583030.691,1.610637,153.93804,80,0.681142,1.362284
5,18.2,7540.0,287.5,6965.0,96,96,192,490.873852,94247.78,6550515.207,1.438784,153.93804,80,0.669296,1.338592
6,21.84,7360.0,295,6770.0,96,96,192,490.873852,94247.78,6547628.869,1.439418,153.93804,80,0.65228,1.30456
7,25.48,7220.0,302.5,6615.0,96,96,192,490.873852,94247.78,6573920.072,1.433662,153.93804,80,0.636108,1.272215
8,29.12,7060.0,307.5,6445.0,96,96,192,490.873852,94247.78,6523183.351,1.444813,153.93804,80,0.625764,1.251529
9,32.76,6900.0,312.5,6275.0,96,96,192,490.873852,94247.78,6467263.002,1.457306,153.93804,80,0.615752,1.231504
10,36.4,6740.0,320,6100.0,96,96,192,490.873852,94247.78,6454087.948,1.46028,153.93804,80,0.60132,1.202641
11,40.04,6580.0,327.5,5925.0,96,96,192,490.873852,94247.78,6433019.642,1.465063,153.93804,80,0.58755,1.1751
12,43.68,6420.0,332.5,5755.0,90,90,180,490.873852,88357.293,6358878.055,1.389511,153.93804,80,0.578714,1.157429
13,47.32,6260.0,337.5,5585.0,90,90,180,490.873852,88357.293,6279552.841,1.407063,153.93804,80,0.570141,1.140282
14,50.96,6100.0,345,5410.0,90,90,180,490.873852,88357.293,6237553.674,1.416538,153.93804,80,0.557747,1.115493
15,54.6,5940.0,352.5,5235.0,90,90,180,490.873852,88357.293,6187661.256,1.427959,153.93804,80,0.54588,1.091759
16,58.24,5780.0,357.5,5065.0,84,84,168,490.873852,82466.807,6090114.804,1.354109,153.93804,80,0.538245,1.07649
17,61.88,5700.0,360,4980.0,84,84,168,490.873852,82466.807,6039397.717,1.365481,153.93804,80,0.534507,1.069014
18,65.52,5700.0,360,4980.0,84,84,168,490.873852,82466.807,6039397.717,1.365481,153.93804,80,0.534507,1.069014
19,69.16,5700.0,360,4980.0,84,84,168,490.873852,82466.807,6039397.717,1.365481,153.93804,80,0.534507,1.069014
20,72.78,5700.0,340,5020.0,84,84,168,490.873852,82466.807,5725238.452,1.440408,153.93804,80,0.565949,1.131897
21,76.44,5700.0,320,5060.0,76,76,152,490.873852,74612.826,5408565.912,1.379531,153.93804,80,0.60132,1.202641
22,80.08,5700.0,320,5060.0,76,76,152,490.873852,74612.826,5408565.912,1.379531,153.93804,80,0.60132,1.202641
23,83.72,5700.0,320,5060.0,76,76,152,490.873852,74612.826,5408565.912,1.379531,153.93804,80,0.60132,1.202641
24,87.36,5700.0,320,5060.0,76,76,152,490.873852,74612.826,5408565.912,1.379531,153.93804,80,0.60132,1.202641
25,91.0,5700.0,290,5120.0,76,76,152,490.873852,74612.826,4928844.714,1.513799,153.93804,80,0.663526,1.327052
26,94.64,5700.0,260,5180.0,76,76,152,490.873852,74612.826,4443468.649,1.679157,153.93804,80,0.740087,1.480173
27,98.28,5700.0,260,5180.0,76,76,152,490.873852,74612.826,4443468.649,1.679157,153.93804,80,0.740087,1.480173
28,101.92,5700.0,260,5180.0,76,76,152,490.873852,74612.826,4443468.649,1.679157,153.93804,80,0.740087,1.480173
29,105.56,5700.0,354,4992.0,76,76,152,490.873852,74612.826,5945413.831,1.254964,153.93804,80,0.543567,1.087133
30,109.2,5450.0,414,4622.0,76,76,152,490.873852,74612.826,6549919.09,1.139141,153.93804,80,0.464789,0.929578
31,112.0,4970.0,500,3970.0,76,76,152,490.873852,74612.826,7021459.581,1.06264,153.93804,80,0.384845,0.76969
