file	case_records	unique_sha256	missing_sha_records	statuses	sha256_values
DTU_10MW_RWT.fst	36	1	0	duplicate-reference;included	5307E04D27721095CE6CBB6C125B8BE1B4BE71790AF6C6258E3187343F5DB605
DTU_10MW_RWT_ElastoDyn.dat	36	1	0	duplicate-reference;included	6D2D871374E25EDCFAEB50627831052E8DF57BD27CCCC5089CAE256800492D65
DTU_10MW_RWT_ServoDyn.dat	36	1	0	duplicate-reference;included	103E7BD71209A095B833CA4BA62627AE7724870615112FDCCFBFF502076C966E
DTU_10MW_RWT_AeroDyn15.dat	36	2	0	duplicate-reference;included	7EBAA0BDF25076041A98EE25AE0577F2D02BE61569092965E47BE5F875BBCC6D;E258D2E8FC7664B93F3E6A792C46EC38BEA327859F95C3B200391E9F2BB1A568
DTU_10MW_AeroDyn15_blade.dat	36	1	0	duplicate-reference	2E1597B858DAB17C5BFD98D5963D0E00C2DC279F5107A5F21D4B2A48F8EDB9FA
C02R3R2_158M_Tower.dat	36	1	0	duplicate-reference;included	F738D35FC9C8B8D8745F2ED9490C92578B056CFE37201BBFA0BFDB24906D2983
C02R3R2_158M_Tower_ZERO_DAMPING_20260831.dat	36	1	0	duplicate-reference;included	6B45E4018657BFD60AA0D0259C5A0A112A2D4C1B404F0085BA2EE21ABECCADD6
DTU_10MW_InflowWind.dat	36	36	0	included	041784DFB2E90256112F9209F61196A124E26F7317ABA7E1C3A943B931A50778;07C235AB065C43609E5892B06E69995FDA4E204F9DFD5FBC9B16A4C09863D087;19AC4E2C8EC854A5A53B83B0256C026690D09979BF5BEFA5D104691F6F3992B3;1B01BA94DBA97D6A8ECC035E4CF4C6DF4FFFF603120609596ED3CBE24F5564F0;2089927BAF5EDAFC63DCA2CCB9F6FD037832F10717FFA3EDAE753E2EC68F7580;2B2D48287A4D8F6A35078535F3630B1328BC9AC47BD5B42EB73260005BA1117D;2CD3F8362CEB7504B4709A12A194837CBD4CF5B5F7A1BFE4DDAE9A8177A3696E;4401DBECE1E73874DBB6664D00293B45763E8D05E65966C6393C68CFA223E8A8;45F3550A5596C1CEE710DF303CCF19CE779DB9D2908BDFBE5C0EDE660DEA1125;4C22F6898A0489CEC8B13421D411E4E58A3F79B0D380E90A6F2BA66B33028482;512450AFEDFE320E5B98DC14EEE3F0D1F089B8F5709B9EED02275BC45134490B;542576FFB88F38074F3DB88753CA88938A40A349484F9142999D73C47178FD68;54F84F7D5B467AC4758F9DFEC07A290A9E03C32AF7F4005DD4DFEC65637362CA;55872C770ECE6A88A876BEC17AD5E59BF53DAE1FC5DC57F140F2614C4D64366A;62ABC1965120016CFE3253DC8582FD30F14742AF85FE15825035E16EB3C5DB0C;6F05D75C2C6FABA769B841F8792FFBB839D23EFE7E429E2C0089E80F828757A0;80B04FBFB3A55FC684971BD4D3B0E41771F16DF7B525165421E1AAC4BBDEDB29;841F8D501C8B00D052418C1ED94571CB047B46BD3BDD9F468233C3387ADD571A;8F3CC5CAEC35937F8F9AEE8C8DA273DB5E19E41FD93676F9392EE3E47124E02A;94C7853009001F5296A013DAD3F1DDECD2B6CC6F37D5249B1E73C39DB9D97F11;996C30366A04D15B7166122FDBF32C84D67B57FAF7088C64450B103D07F3FF78;9CD99CC636F07BC9E68D90AE0676D04E5ED6D60973CC7779DCDEFE43C522B39F;A186E81DF35A2F34A3B6241CC07EC6E6613C820B7BBCF367C1A11B2A2322C173;AC2718E0C24C0CE8966A743CE106CE944B59866398875D36155D92FFDE21CA2E;B77111868E4293DF01A3D7932CE90C954FF9D96918CCB0BCB9170F6EE1B4DF5B;BA6595156F27A26A8EA02AD7C9F50AAD0F0CB162E7F015DE4BB0FAA50711CF9A;C104D6C9599AFFA39AF0C972A1EB26845396AC1E6E2AD6D65F8BE9B0A26ED009;CDE3CF7F0A6C14A8DC4504EA38DA1D26A5EE80643DB38D9307FCEAD0DF835027;D1C323D95AD8AFE87F68BC31157EC863CBB0B2DE0464FC91518B95A443414081;D204329F881836FFE0895B7D81AA28CAE7540D5DF56C754880DB3D6C5C11D3A9;D2C64EC495F43F7D175172AA92989D92CD8401BAFB5078FA397CCF150DE4CDAA;DA7AEE8A1055C30A610869B64C1D8EBCD3E873A5F2052F15250DA35B1A787C19;E76A5986B4A337A8CF7D5A6BE44EE23932136C22897F4813BF13E44210E6A0F8;F3255CA958E93906CA6E88E94E0E6266A50ABE5853C1A20A1C35D98DA32F0545;FB42DEA6DBE7D131A19CA71D8C8690FEE3EEB3A5862F0C41FB57C7F39CE07AFA;FCBC7E83E67D209D05471C594516F5C26CEDDDCA011B29B3FCBF4D1E90B328CF
DTU_10MW_RWT_DISCON.IN	36	0	36	excluded-format	
libdiscon.dll	36	0	36	excluded-format	
gen_discon.py	36	1	0	duplicate-reference;included	01D733E04C33CCC5DB8415D481C96BC0799173F88520A7863FCC78E6BBD441F2
Cp_Ct_Cq_10MW.txt	36	1	0	duplicate-reference;included	95BF5593E05F7B204DD24F1DC08810E95C175A71D9ED3EBDBC09DA696E8005F9
