source_path	result	bytes	git_sha	sha256	archive_path	information
CAD/OpenSCAD/IEA-15-240-RWT.stl.zip	ARCHIVED_SOURCE_UNMODIFIED	4506915	929a5ada4d6ff677a8a668ecfeedc378108215c3	c6910922aab031fc8ca9b34ab5f21815f8cb59585e00dce7751b294c56a7835e	public/iea15-official/IEA-15-240-RWT.stl.zip	Exact official unmodified bytes, verified against upstream Git blob SHA
CAD/OpenSCAD/IEA-15-240-RWT_blade.stl.zip	ARCHIVED_SOURCE_UNMODIFIED	808603	853e7b4e3af3fea6015a726824b92abc7af3ab6d	243e9fd7ce789c91f5fb6a6d50d1d36210ca23fd8de9ead8ddf26fb2d84ba176	public/iea15-official/IEA-15-240-RWT_blade.stl.zip	Exact official unmodified bytes, verified against upstream Git blob SHA
CAD/OpenSCAD/IEA-15-240-RWT_tower.stl.zip	ARCHIVED_SOURCE_UNMODIFIED	14828	f07f66fdde6d0f0139546e0185a5ca0f810eeb0c	04c48eb7822a5e3434a3b003e4176d57df9864f603bf5dafbfbf8555bcdb8de5	public/iea15-official/IEA-15-240-RWT_tower.stl.zip	Exact official unmodified bytes, verified against upstream Git blob SHA
CAD/OpenSCAD/IEA-15-240-RWT_monopile.stl.zip	ARCHIVED_SOURCE_UNMODIFIED	1487	ed641b674541e98d73e08a1a632b0922b7e8c582	ea4c6cd01aea8b28bee8c98d4aa2d8b1ac90da4cbfe2bf6d288df995a3d96bfc	public/iea15-official/IEA-15-240-RWT_monopile.stl.zip	Exact official unmodified bytes, verified against upstream Git blob SHA
CAD/OpenSCAD/IEA-15-240-RWT_VolturnUS-S.stl.zip	ARCHIVED_SOURCE_UNMODIFIED	2572784	d38df79216f4d31dec68bfd05a9a119f87c07a5e	698b84fd4d66f2a21b229078826129c71fc820e8dfbb659a6e9ecd4b0004de70	public/iea15-official/IEA-15-240-RWT_VolturnUS-S.stl.zip	Exact official unmodified bytes, verified against upstream Git blob SHA
CAD/OpenSCAD/IEA-15-240-RWT_VolturnUS-S_tower.stl.zip	ARCHIVED_SOURCE_UNMODIFIED	2463	e9d9f779fb58a8014034f7c1f281df46ce62ea9c	d5df2e5347b3db61a32ea4b2c605a80c201654bf4315e2b266a097f8982edc2a	public/iea15-official/IEA-15-240-RWT_VolturnUS-S_tower.stl.zip	Exact official unmodified bytes, verified against upstream Git blob SHA
CAD/OpenSCAD/IEA-15-240-RWT_VolturnUS-S_floater.stl.zip	ARCHIVED_SOURCE_UNMODIFIED	33303	6d46026779fee9b11d30dc314d6cbf160b2844d0	5b3c85b6f91d0a8a4012791a7c20c9c7d624b9e9610b8ce1c823f66e16a3ce99	public/iea15-official/IEA-15-240-RWT_VolturnUS-S_floater.stl.zip	Exact official unmodified bytes, verified against upstream Git blob SHA
CAD/OpenSCAD/IEA-15-240-RWT.scad.zip	DOWNLOAD_FAILED	6601373	e363dc61908030f62f3a4a050679333b506330fb			Official STL archive does not contain .stl
CAD/OpenSCAD/IEA-15-240-RWT_blade.scad.zip	DOWNLOAD_FAILED	1116274	d382969b58b3a2c13bf00c52b09d2aed98906067			Official STL archive does not contain .stl
CAD/OpenSCAD/IEA-15-240-RWT_tower.scad.zip	DOWNLOAD_FAILED	609	d793de1ce807a89384db835f65c25e757e711cc2			Official STL archive does not contain .stl
CAD/deprecated/IEA-15-240-RWT_Solidworks.zip	ARCHIVED_SOURCE_UNMODIFIED	56293408	1a1cb961cc5dc1289bef295c0c946536a1857cc7	3a4286677facbb5012299da31c894d16cd2fc6da0abff22cd239ff8195e270aa	research/wind-tower/references/reference-models-20261008/IEA15_original_CAD/IEA-15-240-RWT_Solidworks.zip	Exact official unmodified bytes, verified against upstream Git blob SHA
CAD/deprecated/IEA-15-240-RWT_blade-STEP.zip	ARCHIVED_SOURCE_UNMODIFIED	15396372	2873f0f28c28a2b8fb6dbdaad1812d8002291167	a7550d4edee22a45d63a472ceaa7a05282f4fd4417feb49d4f1c6a3e25dd7797	research/wind-tower/references/reference-models-20261008/IEA15_original_CAD/IEA-15-240-RWT_blade-STEP.zip	Exact official unmodified bytes, verified against upstream Git blob SHA
CAD/Generator_detail.zip	ARCHIVED_SOURCE_UNMODIFIED	1982247	3a59902b6fb60ffe0832c041ee997f47079c79ac	66e569b0d26e3b7c90855e0697f77ed70dff044eccd9f1bdd19d8206f974d8f1	research/wind-tower/references/reference-models-20261008/IEA15_original_CAD/Generator_detail.zip	Exact official unmodified bytes, verified against upstream Git blob SHA
