path	bytes	git_sha	source
CAD/CFD CAD/Cross_comparision.png	76831	e109cc3b0077f656a71b80a49c4fbcf25b17fa8b	https://github.com/IEAWindSystems/IEA-15-240-RWT/blob/master/CAD/CFD%20CAD/Cross_comparision.png
CAD/CFD CAD/IEA_15MW_CFD.igs	1080760	6c829264c38faae30916cefda740323b1eda48fa	https://github.com/IEAWindSystems/IEA-15-240-RWT/blob/master/CAD/CFD%20CAD/IEA_15MW_CFD.igs
CAD/CFD CAD/IEA_15MW_CFD.stp	993200	dde21a2246834ad12676e3156dad2913f8c2e9aa	https://github.com/IEAWindSystems/IEA-15-240-RWT/blob/master/CAD/CFD%20CAD/IEA_15MW_CFD.stp
CAD/CFD CAD/readme.md	2259	b54e9843542b3aa54f170d4901419b2c87c627e2	https://github.com/IEAWindSystems/IEA-15-240-RWT/blob/master/CAD/CFD%20CAD/readme.md
CAD/Generator_detail.zip	1982247	3a59902b6fb60ffe0832c041ee997f47079c79ac	https://github.com/IEAWindSystems/IEA-15-240-RWT/blob/master/CAD/Generator_detail.zip
CAD/OpenSCAD/IEA-15-240-RWT.scad.zip	6601373	e363dc61908030f62f3a4a050679333b506330fb	https://github.com/IEAWindSystems/IEA-15-240-RWT/blob/master/CAD/OpenSCAD/IEA-15-240-RWT.scad.zip
CAD/OpenSCAD/IEA-15-240-RWT.stl.zip	4506915	929a5ada4d6ff677a8a668ecfeedc378108215c3	https://github.com/IEAWindSystems/IEA-15-240-RWT/blob/master/CAD/OpenSCAD/IEA-15-240-RWT.stl.zip
CAD/OpenSCAD/IEA-15-240-RWT_VolturnUS-S.scad.zip	3347373	9c42a57f58ef7b59809b6ba814a9faa9f0c52183	https://github.com/IEAWindSystems/IEA-15-240-RWT/blob/master/CAD/OpenSCAD/IEA-15-240-RWT_VolturnUS-S.scad.zip
CAD/OpenSCAD/IEA-15-240-RWT_VolturnUS-S.stl.zip	2572784	d38df79216f4d31dec68bfd05a9a119f87c07a5e	https://github.com/IEAWindSystems/IEA-15-240-RWT/blob/master/CAD/OpenSCAD/IEA-15-240-RWT_VolturnUS-S.stl.zip
CAD/OpenSCAD/IEA-15-240-RWT_VolturnUS-S_floater.scad.zip	726	16e0e39655aa1ae4122d8a769aaf94c7e4dae7ab	https://github.com/IEAWindSystems/IEA-15-240-RWT/blob/master/CAD/OpenSCAD/IEA-15-240-RWT_VolturnUS-S_floater.scad.zip
CAD/OpenSCAD/IEA-15-240-RWT_VolturnUS-S_floater.stl.zip	33303	6d46026779fee9b11d30dc314d6cbf160b2844d0	https://github.com/IEAWindSystems/IEA-15-240-RWT/blob/master/CAD/OpenSCAD/IEA-15-240-RWT_VolturnUS-S_floater.stl.zip
CAD/OpenSCAD/IEA-15-240-RWT_VolturnUS-S_tower.scad.zip	442	ca4c9ea837e6033212399c4dd0250bf252c6d569	https://github.com/IEAWindSystems/IEA-15-240-RWT/blob/master/CAD/OpenSCAD/IEA-15-240-RWT_VolturnUS-S_tower.scad.zip
CAD/OpenSCAD/IEA-15-240-RWT_VolturnUS-S_tower.stl.zip	2463	e9d9f779fb58a8014034f7c1f281df46ce62ea9c	https://github.com/IEAWindSystems/IEA-15-240-RWT/blob/master/CAD/OpenSCAD/IEA-15-240-RWT_VolturnUS-S_tower.stl.zip
CAD/OpenSCAD/IEA-15-240-RWT_blade.scad.zip	1116274	d382969b58b3a2c13bf00c52b09d2aed98906067	https://github.com/IEAWindSystems/IEA-15-240-RWT/blob/master/CAD/OpenSCAD/IEA-15-240-RWT_blade.scad.zip
CAD/OpenSCAD/IEA-15-240-RWT_blade.stl.zip	808603	853e7b4e3af3fea6015a726824b92abc7af3ab6d	https://github.com/IEAWindSystems/IEA-15-240-RWT/blob/master/CAD/OpenSCAD/IEA-15-240-RWT_blade.stl.zip
CAD/OpenSCAD/IEA-15-240-RWT_monopile.scad.zip	473	e530ab1eb524302f9d1454467133a211aa68a93b	https://github.com/IEAWindSystems/IEA-15-240-RWT/blob/master/CAD/OpenSCAD/IEA-15-240-RWT_monopile.scad.zip
CAD/OpenSCAD/IEA-15-240-RWT_monopile.stl.zip	1487	ed641b674541e98d73e08a1a632b0922b7e8c582	https://github.com/IEAWindSystems/IEA-15-240-RWT/blob/master/CAD/OpenSCAD/IEA-15-240-RWT_monopile.stl.zip
CAD/OpenSCAD/IEA-15-240-RWT_tower.scad.zip	609	d793de1ce807a89384db835f65c25e757e711cc2	https://github.com/IEAWindSystems/IEA-15-240-RWT/blob/master/CAD/OpenSCAD/IEA-15-240-RWT_tower.scad.zip
CAD/OpenSCAD/IEA-15-240-RWT_tower.stl.zip	14828	f07f66fdde6d0f0139546e0185a5ca0f810eeb0c	https://github.com/IEAWindSystems/IEA-15-240-RWT/blob/master/CAD/OpenSCAD/IEA-15-240-RWT_tower.stl.zip
CAD/OpenSCAD/make_all.sh	1404	648113e4c1b4dd7806e9dfb95d76b3c4d7cced4e	https://github.com/IEAWindSystems/IEA-15-240-RWT/blob/master/CAD/OpenSCAD/make_all.sh
CAD/README.md	1491	5294e6f2bf0b4351e5ae00e54749da04f438b912	https://github.com/IEAWindSystems/IEA-15-240-RWT/blob/master/CAD/README.md
CAD/SONATA/blade_section_0.0.pdf	78036	8a7124934c9711aefd0ee92c37233b25ee97139b	https://github.com/IEAWindSystems/IEA-15-240-RWT/blob/master/CAD/SONATA/blade_section_0.0.pdf
CAD/SONATA/blade_section_0.01.pdf	77648	964c3e61cfdb7192eabbdce4f5438117ead3ce02	https://github.com/IEAWindSystems/IEA-15-240-RWT/blob/master/CAD/SONATA/blade_section_0.01.pdf
CAD/SONATA/blade_section_0.02.pdf	81881	0056df1837c3a0ba2da793f2f4d343a82d3dbecf	https://github.com/IEAWindSystems/IEA-15-240-RWT/blob/master/CAD/SONATA/blade_section_0.02.pdf
CAD/SONATA/blade_section_0.03.pdf	84426	7babc3fc0cf0a2eab3a3c6ba0c048ededc99aedf	https://github.com/IEAWindSystems/IEA-15-240-RWT/blob/master/CAD/SONATA/blade_section_0.03.pdf
CAD/SONATA/blade_section_0.04.pdf	84483	bc6def071fac9c0ba0e635c7ce6853b547da6f58	https://github.com/IEAWindSystems/IEA-15-240-RWT/blob/master/CAD/SONATA/blade_section_0.04.pdf
CAD/SONATA/blade_section_0.05.pdf	84353	5d9d5262a41022217204ee4d2f16564c529a64a8	https://github.com/IEAWindSystems/IEA-15-240-RWT/blob/master/CAD/SONATA/blade_section_0.05.pdf
CAD/SONATA/blade_section_0.075.pdf	84807	9b47771582dd15e611be3825e61ea3d20a9ea5c0	https://github.com/IEAWindSystems/IEA-15-240-RWT/blob/master/CAD/SONATA/blade_section_0.075.pdf
CAD/SONATA/blade_section_0.1.pdf	162054	c69e3b80a018d64c6f837fb1293f285277f4ddb2	https://github.com/IEAWindSystems/IEA-15-240-RWT/blob/master/CAD/SONATA/blade_section_0.1.pdf
CAD/SONATA/blade_section_0.15.pdf	154840	978752ca3b86e76eb9648b2df5777d1618ee98ac	https://github.com/IEAWindSystems/IEA-15-240-RWT/blob/master/CAD/SONATA/blade_section_0.15.pdf
CAD/SONATA/blade_section_0.2.pdf	149101	0bb851b80726a9b5fc3dc632a3bcb79fca9773db	https://github.com/IEAWindSystems/IEA-15-240-RWT/blob/master/CAD/SONATA/blade_section_0.2.pdf
CAD/SONATA/blade_section_0.25.pdf	141325	b9a1703429ab6b7e0dc9ae503a2e56cf8ca3598b	https://github.com/IEAWindSystems/IEA-15-240-RWT/blob/master/CAD/SONATA/blade_section_0.25.pdf
CAD/SONATA/blade_section_0.3.pdf	138433	b37a4829acd84f64bee990c9a1d494dee9636603	https://github.com/IEAWindSystems/IEA-15-240-RWT/blob/master/CAD/SONATA/blade_section_0.3.pdf
CAD/SONATA/blade_section_0.35.pdf	137041	97fd3a719da8063617f9196f30cbc655bccb2996	https://github.com/IEAWindSystems/IEA-15-240-RWT/blob/master/CAD/SONATA/blade_section_0.35.pdf
CAD/SONATA/blade_section_0.4.pdf	131839	7ab533924e8a000d1436299aade5a86d894baa10	https://github.com/IEAWindSystems/IEA-15-240-RWT/blob/master/CAD/SONATA/blade_section_0.4.pdf
CAD/SONATA/blade_section_0.45.pdf	132684	6d60a31e398bf152afbbb9f4e21e61c58186c50f	https://github.com/IEAWindSystems/IEA-15-240-RWT/blob/master/CAD/SONATA/blade_section_0.45.pdf
CAD/SONATA/blade_section_0.5.pdf	131268	01bcb5797186f143205d481ae56d6c01e3ceb352	https://github.com/IEAWindSystems/IEA-15-240-RWT/blob/master/CAD/SONATA/blade_section_0.5.pdf
CAD/SONATA/blade_section_0.55.pdf	130968	550b46d1c09c2a02aa7a3f69b758efe3b28ce224	https://github.com/IEAWindSystems/IEA-15-240-RWT/blob/master/CAD/SONATA/blade_section_0.55.pdf
CAD/SONATA/blade_section_0.6.pdf	129184	de76c80c7ad8a96c921b0f7c7b977ccceedcf349	https://github.com/IEAWindSystems/IEA-15-240-RWT/blob/master/CAD/SONATA/blade_section_0.6.pdf
CAD/SONATA/blade_section_0.65.pdf	128072	51499e051f4adb65413055eac0cf30d8130abc73	https://github.com/IEAWindSystems/IEA-15-240-RWT/blob/master/CAD/SONATA/blade_section_0.65.pdf
CAD/SONATA/blade_section_0.7.pdf	127409	e694713d62cbe19bebc657ec3149df5aeb7122a3	https://github.com/IEAWindSystems/IEA-15-240-RWT/blob/master/CAD/SONATA/blade_section_0.7.pdf
CAD/SONATA/blade_section_0.75.pdf	125654	54ecaeda4519c225c090de8bfeb95bb31900361d	https://github.com/IEAWindSystems/IEA-15-240-RWT/blob/master/CAD/SONATA/blade_section_0.75.pdf
CAD/SONATA/blade_section_0.8.pdf	125621	36704b2b2b8ef7b50a2aa6303dabf65d01345900	https://github.com/IEAWindSystems/IEA-15-240-RWT/blob/master/CAD/SONATA/blade_section_0.8.pdf
CAD/SONATA/blade_section_0.85.pdf	112845	dc2feb141c280032c7bceb82319e9b592bb44f02	https://github.com/IEAWindSystems/IEA-15-240-RWT/blob/master/CAD/SONATA/blade_section_0.85.pdf
CAD/SONATA/blade_section_0.9.pdf	114176	51358e8ca0345aaeb55a1d97e833520b5816a3a3	https://github.com/IEAWindSystems/IEA-15-240-RWT/blob/master/CAD/SONATA/blade_section_0.9.pdf
CAD/SONATA/blade_section_0.95.pdf	113989	f57734a8c9dff744e58f886b9aa205314aa969f0	https://github.com/IEAWindSystems/IEA-15-240-RWT/blob/master/CAD/SONATA/blade_section_0.95.pdf
CAD/SONATA/blade_section_1.0.pdf	83241	8747d57d474df467f8195c3eaed89098602ecae0	https://github.com/IEAWindSystems/IEA-15-240-RWT/blob/master/CAD/SONATA/blade_section_1.0.pdf
CAD/UMaineSemi.SLDPRT	334905	999da057945665c5b56dc7266dfec34d68b5ecec	https://github.com/IEAWindSystems/IEA-15-240-RWT/blob/master/CAD/UMaineSemi.SLDPRT
CAD/UMaineSemi_Model_Description.pdf	1071903	3aeaf28ae4a3d7a450120ec177e4fe042445686a	https://github.com/IEAWindSystems/IEA-15-240-RWT/blob/master/CAD/UMaineSemi_Model_Description.pdf
CAD/deprecated/IEA-15-240-RWT_Solidworks.zip	56293408	1a1cb961cc5dc1289bef295c0c946536a1857cc7	https://github.com/IEAWindSystems/IEA-15-240-RWT/blob/master/CAD/deprecated/IEA-15-240-RWT_Solidworks.zip
CAD/deprecated/IEA-15-240-RWT_blade-STEP.zip	15396372	2873f0f28c28a2b8fb6dbdaad1812d8002291167	https://github.com/IEAWindSystems/IEA-15-240-RWT/blob/master/CAD/deprecated/IEA-15-240-RWT_blade-STEP.zip
