combo,BF,minimum_passing_d_mm,max_utilization,control_segment,control_eta,min_net_cover_mm,min_clear_spacing_mm
uniform_1p40_screen,1,50,0.8831518524449516,CSEG_16,1.0,37.49979380233799,132.69771115400317
uniform_1p40_screen,2,50,0.8711517004209547,CSEG_16,1.0,37.49979380233799,132.69771115400317
uniform_1p40_screen,3,50,0.8611750875856142,CSEG_16,1.0,37.49979380233799,132.69771115400317
uniform_1p40_screen,4,50,0.8532302755213474,CSEG_16,1.0,37.49979380233799,132.69771115400317
uniform_1p40_screen,5,50,0.847185900390934,CSEG_16,1.0,37.49979380233799,132.69771115400317
uniform_1p40_screen,6,50,0.8429180126490092,CSEG_16,1.0,37.49979380233799,132.69771115400317
uniform_1p40_screen,7,50,0.8403193261330768,CSEG_16,1.0,37.49979380233799,132.69771115400317
uniform_1p40_screen,8,50,0.8395219362262398,CSEG_16,1.0,37.49979380233799,132.69771115400317
uniform_1p40_screen,9,50,0.8404704635547373,CSEG_16,1.0,37.49979380233799,132.69771115400317
uniform_1p40_screen,10,50,0.843194530997954,CSEG_16,1.0,37.49979380233799,132.69771115400317
uniform_1p40_screen,11,50,0.8479367473767466,CSEG_16,1.0,37.49979380233799,132.69771115400317
uniform_1p40_screen,12,50,0.8557483430470861,CSEG_16,1.0,37.49979380233799,132.69771115400317
uniform_1p40_screen,13,50,0.8653828316672229,CSEG_16,1.0,37.49979380233799,132.69771115400317
uniform_1p40_screen,14,50,0.876583833311325,CSEG_16,1.0,37.49979380233799,132.69771115400317
uniform_1p40_screen,15,50,0.888084168145676,CSEG_16,1.0,37.49979380233799,132.69771115400317
uniform_1p40_screen,16,50,0.8998004855698136,CSEG_16,1.0,37.49979380233799,132.69771115400317
provisional_N1p35_M1p40,1,50,0.8842237563103243,CSEG_16,1.0,37.49979380233799,132.69771115400317
provisional_N1p35_M1p40,2,50,0.8719325972183292,CSEG_16,1.0,37.49979380233799,132.69771115400317
provisional_N1p35_M1p40,3,50,0.8616922679870742,CSEG_16,1.0,37.49979380233799,132.69771115400317
provisional_N1p35_M1p40,4,50,0.853491694060598,CSEG_16,1.0,37.49979380233799,132.69771115400317
provisional_N1p35_M1p40,5,50,0.8472216549338576,CSEG_16,1.0,37.49979380233799,132.69771115400317
provisional_N1p35_M1p40,6,50,0.8426592875946533,CSEG_16,1.0,37.49979380233799,132.69771115400317
provisional_N1p35_M1p40,7,50,0.8398452131795635,CSEG_16,1.0,37.49979380233799,132.69771115400317
provisional_N1p35_M1p40,8,50,0.8388389775771632,CSEG_16,1.0,37.49979380233799,132.69771115400317
provisional_N1p35_M1p40,9,50,0.8395167824064976,CSEG_16,1.0,37.49979380233799,132.69771115400317
provisional_N1p35_M1p40,10,50,0.8419155532273025,CSEG_16,1.0,37.49979380233799,132.69771115400317
provisional_N1p35_M1p40,11,50,0.8463875526276896,CSEG_16,1.0,37.49979380233799,132.69771115400317
provisional_N1p35_M1p40,12,50,0.8537284354849803,CSEG_16,1.0,37.49979380233799,132.69771115400317
provisional_N1p35_M1p40,13,50,0.8631160696347459,CSEG_16,1.0,37.49979380233799,132.69771115400317
provisional_N1p35_M1p40,14,50,0.8741744764700906,CSEG_16,1.0,37.49979380233799,132.69771115400317
provisional_N1p35_M1p40,15,50,0.8856018220343692,CSEG_16,1.0,37.49979380233799,132.69771115400317
provisional_N1p35_M1p40,16,50,0.8972514461942253,CSEG_16,1.0,37.49979380233799,132.69771115400317
