combo,bar_d_mm,Abar_mm2,BF,max_utilization,control_segment,control_eta,control_time_s,N_design_kN,M_design_kNm,Mcap_kNm,min_net_cover_mm_if_T053_centrelines_fixed,min_clear_bar_spacing_mm,PASS
uniform_1p40_screen,41,1320.2543126711105,9,1.1117231883964074,CSEG_16,1.0,652.75,22886.277822136057,312573.15930185944,281160.96035806095,41.99979380233799,141.69771115400317,FAIL
uniform_1p40_screen,41,1320.2543126711105,10,1.1076864541663631,CSEG_16,1.0,652.75,22886.277822136057,312573.15930185944,282185.5933384143,41.99979380233799,141.69771115400317,FAIL
uniform_1p40_screen,41,1320.2543126711105,11,1.107379812060879,CSEG_16,1.0,652.75,22886.277822136057,312573.15930185944,282263.732729738,41.99979380233799,141.69771115400317,FAIL
uniform_1p40_screen,42,1385.442360233099,9,1.0887792261396945,CSEG_16,1.0,652.75,22886.277822136057,312573.15930185944,287085.8956503962,41.49979380233799,140.69771115400317,FAIL
uniform_1p40_screen,42,1385.442360233099,10,1.0851825880021866,CSEG_16,1.0,652.75,22886.277822136057,312573.15930185944,288037.38906030956,41.49979380233799,140.69771115400317,FAIL
uniform_1p40_screen,42,1385.442360233099,11,1.0850856303325576,CSEG_16,1.0,652.75,22886.277822136057,312573.15930185944,288063.1265995679,41.49979380233799,140.69771115400317,FAIL
uniform_1p40_screen,43,1452.2012041218818,9,1.0662486074554423,CSEG_16,1.0,652.75,22886.277822136057,312573.15930185944,293152.2321495005,40.99979380233799,139.69771115400317,FAIL
uniform_1p40_screen,43,1452.2012041218818,10,1.0630565642549394,CSEG_16,1.0,652.75,22886.277822136057,312573.15930185944,294032.4812545901,40.99979380233799,139.69771115400317,FAIL
uniform_1p40_screen,43,1452.2012041218818,11,1.063147172450229,CSEG_16,1.0,652.75,22886.277822136057,312573.15930185944,294007.4219277411,40.99979380233799,139.69771115400317,FAIL
uniform_1p40_screen,44,1520.5308443374597,9,1.0441382168519753,CSEG_16,1.0,652.75,22886.277822136057,312573.15930185944,299359.94512704643,40.49979380233799,138.69771115400317,FAIL
uniform_1p40_screen,44,1520.5308443374597,10,1.041317370614767,CSEG_16,1.0,652.75,22886.277822136057,312573.15930185944,300170.8874954466,40.49979380233799,138.69771115400317,FAIL
uniform_1p40_screen,44,1520.5308443374597,11,1.0415882364832918,CSEG_16,1.0,652.75,22886.277822136057,312573.15930185944,300092.8278118792,40.49979380233799,138.69771115400317,FAIL
uniform_1p40_screen,45,1590.431280879833,9,1.0224530320658012,CSEG_16,1.0,652.75,22886.277822136057,312573.15930185944,305709.06388758536,39.99979380233799,137.69771115400317,FAIL
uniform_1p40_screen,45,1590.431280879833,10,1.0199723743041953,CSEG_16,1.0,652.75,22886.277822136057,312573.15930185944,306452.5737916094,39.99979380233799,137.69771115400317,FAIL
uniform_1p40_screen,45,1590.431280879833,11,1.0204221950786132,CSEG_16,1.0,652.75,22886.277822136057,312573.15930185944,306317.4838898705,39.99979380233799,137.69771115400317,FAIL
uniform_1p40_screen,46,1661.9025137490005,9,1.0011965663244862,CSEG_16,1.0,652.75,22886.277822136057,312573.15930185944,312199.5917838126,39.49979380233799,136.69771115400317,FAIL
uniform_1p40_screen,46,1661.9025137490005,10,0.9990270654143062,CSEG_16,1.0,652.75,22886.277822136057,312573.15930185944,312877.5687095447,39.49979380233799,136.69771115400317,PASS
uniform_1p40_screen,46,1661.9025137490005,11,0.9996387982743817,CSEG_16,1.0,652.75,22886.277822136057,312573.15930185944,312686.1020615009,39.49979380233799,136.69771115400317,PASS
uniform_1p40_screen,47,1734.9445429449634,9,0.9803709892564634,CSEG_16,1.0,652.75,22886.277822136057,312573.15930185944,318831.5063656895,38.99979380233799,135.69771115400317,PASS
uniform_1p40_screen,47,1734.9445429449634,10,0.9784857237525215,CSEG_16,1.0,652.75,22886.277822136057,312573.15930185944,319445.8045878607,38.99979380233799,135.69771115400317,PASS
uniform_1p40_screen,47,1734.9445429449634,11,0.9792383282764087,CSEG_16,1.0,652.75,22886.277822136057,312573.15930185944,319200.2909567789,38.99979380233799,135.69771115400317,PASS
uniform_1p40_screen,48,1809.5573684677208,9,0.9599770124347894,CSEG_16,1.0,652.75,22886.277822136057,312573.15930185944,325604.83767114405,38.49979380233799,134.69771115400317,PASS
uniform_1p40_screen,48,1809.5573684677208,10,0.9583508827554454,CSEG_16,1.0,652.75,22886.277822136057,312573.15930185944,326157.3239262333,38.49979380233799,134.69771115400317,PASS
uniform_1p40_screen,48,1809.5573684677208,11,0.959225211575239,CSEG_16,1.0,652.75,22886.277822136057,312573.15930185944,325860.03321217134,38.49979380233799,134.69771115400317,PASS
uniform_1p40_screen,49,1885.7409903172731,9,0.9400142482707133,CSEG_16,1.0,652.75,22886.277822136057,312573.15930185944,332519.5973112973,37.99979380233799,133.69771115400317,PASS
uniform_1p40_screen,49,1885.7409903172731,10,0.9386275714764385,CSEG_16,1.0,652.75,22886.277822136057,312573.15930185944,333010.8434916198,37.99979380233799,133.69771115400317,PASS
uniform_1p40_screen,49,1885.7409903172731,11,0.9396025171915947,CSEG_16,1.0,652.75,22886.277822136057,312573.15930185944,332665.30642778444,37.99979380233799,133.69771115400317,PASS
uniform_1p40_screen,50,1963.4954084936207,9,0.9204813015526613,CSEG_16,1.0,652.75,22886.277822136057,312573.15930185944,339575.78364124644,37.49979380233799,132.69771115400317,PASS
uniform_1p40_screen,50,1963.4954084936207,10,0.9193153463164323,CSEG_16,1.0,652.75,22886.277822136057,312573.15930185944,340006.4630208734,37.49979380233799,132.69771115400317,PASS
uniform_1p40_screen,50,1963.4954084936207,11,0.9203720994602386,CSEG_16,1.0,652.75,22886.277822136057,312573.15930185944,339616.0742868793,37.49979380233799,132.69771115400317,PASS
provisional_N1p35_M1p40,41,1320.2543126711105,9,1.1114934116109239,CSEG_16,1.0,652.75,22068.91075705977,312413.5002708073,281075.44049048045,41.99979380233799,141.69771115400317,FAIL
provisional_N1p35_M1p40,41,1320.2543126711105,10,1.106871970395854,CSEG_16,1.0,652.75,22068.91075705977,312413.5002708073,282248.99412628356,41.99979380233799,141.69771115400317,FAIL
provisional_N1p35_M1p40,41,1320.2543126711105,11,1.106030969289328,CSEG_16,1.0,652.75,22068.91075705977,312413.5002708073,282463.60992183274,41.99979380233799,141.69771115400317,FAIL
provisional_N1p35_M1p40,42,1385.442360233099,9,1.0885067801024955,CSEG_16,1.0,652.75,22068.91075705977,312413.5002708073,287011.07423638646,41.49979380233799,140.69771115400317,FAIL
provisional_N1p35_M1p40,42,1385.442360233099,10,1.084358997065609,CSEG_16,1.0,652.75,22068.91075705977,312413.5002708073,288108.9206768529,41.49979380233799,140.69771115400317,FAIL
provisional_N1p35_M1p40,42,1385.442360233099,11,1.083787988136833,CSEG_16,1.0,652.75,22068.91075705977,312413.5002708073,288260.7149096431,41.49979380233799,140.69771115400317,FAIL
provisional_N1p35_M1p40,43,1452.2012041218818,9,1.0659384988688443,CSEG_16,1.0,652.75,22068.91075705977,312413.5002708073,293087.73498877767,40.99979380233799,139.69771115400317,FAIL
provisional_N1p35_M1p40,43,1452.2012041218818,10,1.06222771050063,CSEG_16,1.0,652.75,22068.91075705977,312413.5002708073,294111.60825729754,40.99979380233799,139.69771115400317,FAIL
provisional_N1p35_M1p40,43,1452.2012041218818,11,1.0618970912197863,CSEG_16,1.0,652.75,22068.91075705977,312413.5002708073,294203.17924775777,40.99979380233799,139.69771115400317,FAIL
provisional_N1p35_M1p40,44,1520.5308443374597,9,1.043794684920255,CSEG_16,1.0,652.75,22068.91075705977,312413.5002708073,299305.5097753016,40.49979380233799,138.69771115400317,FAIL
provisional_N1p35_M1p40,44,1520.5308443374597,10,1.0404869240699222,CSEG_16,1.0,652.75,22068.91075705977,312413.5002708073,300257.017213426,40.49979380233799,138.69771115400317,FAIL
provisional_N1p35_M1p40,44,1520.5308443374597,11,1.040369106822031,CSEG_16,1.0,652.75,22068.91075705977,312413.5002708073,300291.0200064695,40.49979380233799,138.69771115400317,FAIL
provisional_N1p35_M1p40,45,1590.431280879833,9,1.0220801741708452,CSEG_16,1.0,652.75,22068.91075705977,312413.5002708073,305664.37757610396,39.99979380233799,137.69771115400317,FAIL
provisional_N1p35_M1p40,45,1590.431280879833,10,1.0191429011810538,CSEG_16,1.0,652.75,22068.91075705977,312413.5002708073,306545.3332489102,39.99979380233799,137.69771115400317,FAIL
provisional_N1p35_M1p40,45,1590.431280879833,11,1.0192130164203463,CSEG_16,1.0,652.75,22068.91075705977,312413.5002708073,306524.2449199265,39.99979380233799,137.69771115400317,FAIL
provisional_N1p35_M1p40,46,1661.9025137490005,9,1.000798197103004,CSEG_16,1.0,652.75,22068.91075705977,312413.5002708073,312164.3316056585,39.49979380233799,136.69771115400317,FAIL
provisional_N1p35_M1p40,46,1661.9025137490005,10,0.9982062180023327,CSEG_16,1.0,652.75,22068.91075705977,312413.5002708073,312974.9090283439,39.49979380233799,136.69771115400317,PASS
provisional_N1p35_M1p40,46,1661.9025137490005,11,0.9984360986457953,CSEG_16,1.0,652.75,22068.91075705977,312413.5002708073,312902.8494608136,39.49979380233799,136.69771115400317,PASS
provisional_N1p35_M1p40,47,1734.9445429449634,9,0.9799502592094617,CSEG_16,1.0,652.75,22068.91075705977,312413.5002708073,318805.46725181263,38.99979380233799,135.69771115400317,PASS
provisional_N1p35_M1p40,47,1734.9445429449634,10,0.9776782299220811,CSEG_16,1.0,652.75,22068.91075705977,312413.5002708073,319546.34020612895,38.99979380233799,135.69771115400317,PASS
provisional_N1p35_M1p40,47,1734.9445429449634,11,0.9780440351782358,CSEG_16,1.0,652.75,22068.91075705977,312413.5002708073,319426.82439024746,38.99979380233799,135.69771115400317,PASS
provisional_N1p35_M1p40,48,1809.5573684677208,9,0.9595370670727185,CSEG_16,1.0,652.75,22068.91075705977,312413.5002708073,325587.73495212046,38.49979380233799,134.69771115400317,PASS
provisional_N1p35_M1p40,48,1809.5573684677208,10,0.9575583448736865,CSEG_16,1.0,652.75,22068.91075705977,312413.5002708073,326260.53748403024,38.49979380233799,134.69771115400317,PASS
provisional_N1p35_M1p40,48,1809.5573684677208,11,0.9580410522658667,CSEG_16,1.0,652.75,22068.91075705977,312413.5002708073,326096.15165437525,38.49979380233799,134.69771115400317,PASS
provisional_N1p35_M1p40,49,1885.7409903172731,9,0.9395578225945469,CSEG_16,1.0,652.75,22068.91075705977,312413.5002708073,332511.2012883799,37.99979380233799,133.69771115400317,PASS
provisional_N1p35_M1p40,49,1885.7409903172731,10,0.9378478820050757,CSEG_16,1.0,652.75,22068.91075705977,312413.5002708073,333117.45568255865,37.99979380233799,133.69771115400317,PASS
provisional_N1p35_M1p40,49,1885.7409903172731,11,0.9384300230619275,CSEG_16,1.0,652.75,22068.91075705977,312413.5002708073,332910.8112413737,37.99979380233799,133.69771115400317,PASS
provisional_N1p35_M1p40,50,1963.4954084936207,9,0.920010873555805,CSEG_16,1.0,652.75,22068.91075705977,312413.5002708073,339575.8781234201,37.49979380233799,132.69771115400317,PASS
provisional_N1p35_M1p40,50,1963.4954084936207,10,0.9185468615988026,CSEG_16,1.0,652.75,22068.91075705977,312413.5002708073,340117.1059765282,37.49979380233799,132.69771115400317,PASS
provisional_N1p35_M1p40,50,1963.4954084936207,11,0.9192126451842789,CSEG_16,1.0,652.75,22068.91075705977,312413.5002708073,339870.7599460583,37.49979380233799,132.69771115400317,PASS
