segment,z_center_m,V_kN,T_kNm,A_m2,J_m4,tauV_MPa,tauT_MPa,tau_combined_MPa,hoop_provided_mm2_per_m,status
CSEG_01,1.82000005,2135.7850504105268,6820.919041043377,7.010774803907628,111.47008432143967,0.15232161281375736,0.25241112724658415,0.2948105338824844,3848.4510006474966,screening; exact NB/T-GB formula and factors pending
CSEG_02,5.46000005,2135.8949660518015,6820.835051207479,6.870036109749436,104.89599921622157,0.15545005382291227,0.263025067118145,0.3055272576482351,3848.4510006474966,screening; exact NB/T-GB formula and factors pending
CSEG_03,9.10000005,2136.0048817200086,6820.751061371582,6.729294039819592,98.58566561379871,0.15870943289745693,0.27432261429818294,0.31692519749307096,3848.4510006474966,screening; exact NB/T-GB formula and factors pending
CSEG_04,12.74000005,2136.1147974151436,6820.667071535685,6.621272170490614,93.08745015891462,0.16130697714974498,0.2848433593853783,0.3273464224077241,3848.4510006474966,screening; exact NB/T-GB formula and factors pending
CSEG_05,16.38000005,2136.22560696503,6820.583485477719,6.567417317247776,88.4687710370786,0.16263818056412646,0.29373553666587787,0.3357554813813181,3848.4510006474966,screening; exact NB/T-GB formula and factors pending
CSEG_06,20.02000005,2136.3404173158056,6820.501706730517,6.550176720931147,84.0592799963431,0.16307502135698956,0.30224347049014594,0.34343060149688226,3848.4510006474966,screening; exact NB/T-GB formula and factors pending
CSEG_07,23.66000005,2136.4552276917443,6820.419927983316,6.5616450518347085,80.32573099461071,0.16279875022303805,0.3094952242805554,0.3497009106746141,3848.4510006474966,screening; exact NB/T-GB formula and factors pending
CSEG_08,27.30000005,2136.5700380928424,6820.338149236114,6.549198410678773,76.64239754374337,0.163116911728393,0.3176910806642415,0.3571200773205309,3848.4510006474966,screening; exact NB/T-GB formula and factors pending
CSEG_09,30.94000005,2136.6848485190953,6820.256370488912,6.495869764807175,72.40458569590804,0.16446487736677406,0.3287456711521379,0.3675900055612742,3848.4510006474966,screening; exact NB/T-GB formula and factors pending
CSEG_10,34.580000049999995,2136.803822378161,6820.039058382581,6.461661353622408,68.4916322763311,0.16534477013255025,0.33954998058577734,0.37766795247411133,3848.4510006474966,screening; exact NB/T-GB formula and factors pending
CSEG_11,38.22000005,2136.9234426874423,6819.800703247395,6.444538444415938,64.8527994720411,0.16579336605083356,0.35017663537209415,0.38744175844504203,3848.4510006474966,screening; exact NB/T-GB formula and factors pending
CSEG_12,41.86000005,2137.0430630333617,6819.562348112209,6.396594786563954,61.051975667811696,0.16704536822640545,0.3630280017593503,0.3996166727093381,3848.4510006474966,screening; exact NB/T-GB formula and factors pending
CSEG_13,45.50000005,2137.1626834159124,6819.323992977023,6.319863043997626,57.15091433029979,0.16908299029088228,0.3782486576266221,0.4143200509292884,3848.4510006474966,screening; exact NB/T-GB formula and factors pending
CSEG_14,49.14000005,2137.2848801108075,6819.172071623549,6.259540063018078,53.530727179739216,0.17072219832396932,0.39362889681384894,0.4290568463589136,3848.4510006474966,screening; exact NB/T-GB formula and factors pending
CSEG_15,52.78000005,2137.4091966832425,6819.091271094445,6.213593540978739,50.15100269597088,0.17199461009052155,0.4092732541708439,0.4439445263541187,3848.4510006474966,screening; exact NB/T-GB formula and factors pending
CSEG_16,56.42000005,2137.5335132775667,6819.010470565341,6.139535901042011,46.70812953970072,0.1740794050015068,0.42775637955448687,0.4618215667281476,3848.4510006474966,screening; exact NB/T-GB formula and factors pending
CSEG_17,60.06000005,2137.657829893776,6818.929670036237,6.064916979817216,44.10187957485137,0.17623141726485764,0.44375268201919277,0.47746618228981114,3848.4510006474966,screening; exact NB/T-GB formula and factors pending
CSEG_18,63.70000005,2137.783737370413,6818.831354141057,6.039394448575061,43.249911777429794,0.17698659655148066,0.4493342808793864,0.4829343136827947,3848.4510006474966,screening; exact NB/T-GB formula and factors pending
CSEG_19,67.34000004999999,2137.914923347629,6818.674921405674,6.039394448575061,43.249911777429794,0.17699745740668174,0.4493239725747799,0.48292870308029073,3848.4510006474966,screening; exact NB/T-GB formula and factors pending
CSEG_20,70.969999945,2138.0457489397136,6818.518918435064,5.882629437563548,42.274041771323674,0.1817253467715658,0.45968582020208726,0.4943026956775692,3848.4510006474966,screening; exact NB/T-GB formula and factors pending
CSEG_21,74.61000004499999,2138.176934960015,6818.362485695383,5.567213823888652,40.28686041144787,0.192032945257572,0.48234912160366045,0.5191698442476417,3848.4510006474966,screening; exact NB/T-GB formula and factors pending
CSEG_22,78.26000005,2138.3084813978803,6818.205623199522,5.408563216089324,39.27535971157501,0.19767805200435373,0.4947601961191517,0.5327891364396401,3848.4510006474966,screening; exact NB/T-GB formula and factors pending
CSEG_23,81.90000004999999,2138.439667454152,6818.049190464139,5.408563216089324,39.27535971157501,0.19769017962966112,0.49474884464412805,0.5327830950759486,3848.4510006474966,screening; exact NB/T-GB formula and factors pending
CSEG_24,85.54000005,2138.570853530178,6817.892757728755,5.408563216089324,39.27535971157501,0.19770230725679463,0.4947374931691043,0.532777054162348,3848.4510006474966,screening; exact NB/T-GB formula and factors pending
CSEG_25,89.18000004999999,2138.702039625955,6817.736324993371,5.169410444742259,37.735464087161354,0.20686131063564522,0.5149147531053011,0.554913330893564,3848.4510006474966,screening; exact NB/T-GB formula and factors pending
CSEG_26,92.82000005,2138.833225741478,6817.579892257987,4.686862724361331,34.572931123999716,0.22817323138399925,0.5620032987889161,0.6065564535719983,3848.4510006474966,screening; exact NB/T-GB formula and factors pending
CSEG_27,96.46000005,2138.968356466958,6817.472261671403,4.443467762958086,32.94964210501445,0.2406868318363824,0.5896815064459378,0.6369100643448693,3848.4510006474966,screening; exact NB/T-GB formula and factors pending
CSEG_28,100.10000005,2139.106143706941,6817.397497041069,4.443467762958086,32.94964210501445,0.2407023363080398,0.5896750396327037,0.6369099363881674,3848.4510006474966,screening; exact NB/T-GB formula and factors pending
CSEG_29,103.74000005,2139.2439309646966,6817.322732410734,5.201379060055102,37.94236293404603,0.20564199477340475,0.5120758680409444,0.551824541538587,3848.4510006474966,screening; exact NB/T-GB formula and factors pending
CSEG_30,107.38000005,2139.3817182402213,6817.247967780399,6.262271492158905,42.41739403168528,0.17081515237074735,0.44800200118180555,0.47946179132684197,3848.4510006474966,screening; exact NB/T-GB formula and factors pending
CSEG_31,110.599999975,2139.5043125921716,6817.181808440676,6.823916800883887,38.89608051886983,0.15676512295072578,0.45656933200099903,0.4827326990142626,3848.4510006474966,screening; exact NB/T-GB formula and factors pending
