id	ref_id	original_filename	filename	repo_path	deduplication	bytes	pdf_pages	sha256	git_blob_sha
L054	REF021	1-s2.0-S014102962501226X-main.pdf	Generative design of steel-prestressed concrete hybrid wind turbine tower based on machine learning and multi-objective optimization.pdf	research/wind-tower/references/user-provided/Generative design of steel-prestressed concrete hybrid wind turbine tower based on machine learning and multi-objective optimization.pdf	upload-new	12310022	16	23b98b55fa24026fa41ae7ad6805edb5c1f3d445e66fa068860a54b7762211fb	d50b2d25a974b527487b0a95593cb39efd038572
L045	REF026	1-s2.0-S0141029626011090-main.pdf	Evaluation of load-carrying capacity of horizontal joints in concrete wind turbine towers.pdf	research/wind-tower/references/user-provided/Evaluation of load-carrying capacity of horizontal joints in concrete wind turbine towers.pdf	upload-new	18369561	17	2cb124dcfa87cde4b98434d7ff4ae22d1585aa24ffb86ef3cef9577a1cb1d02f	91a968b80709476bbccfde0a70d36b21e2dad20e
L008	REF093	1-s2.0-S0306261923018056-main.pdf	Spatiotemporal variation of power law exponent on the use of wind energy.pdf	research/wind-tower/references/user-provided/Spatiotemporal variation of power law exponent on the use of wind energy.pdf	upload-new	11355267	14	b55260e5536888c444bbe87183ff3b6243bf2dca0e530a5aae7a9fe1758c4b5a	5569ce2c0035cd79f5e0e4725341d3b691f6057c
L074	REF080	1-s2.0-S0960148118303677-main.pdf	ERA5 - The new champion of wind power modelling.pdf	research/wind-tower/references/user-provided/ERA5 - The new champion of wind power modelling.pdf	upload-new	1266745	10	a349e1f40cb7909e7a4fdb60e16e12da20019f06b0dd3a0477239e5484af10a8	778c522056aa3e21c3732f0f468f193e050ddde5
L044	REF036	1-s2.0-S1226798824032914-main.pdf	Experimental Investigation of the Steel-Concrete Joint in a Hybrid Tower for a Wind Turbine under Fatigue Loading.pdf	research/wind-tower/references/user-provided/Experimental Investigation of the Steel-Concrete Joint in a Hybrid Tower for a Wind Turbine under Fatigue Loading.pdf	upload-new	1057912	12	7684f0d140514461efbe9f2b176aa4d7e0424acae945e8e10839f1eb097c90d2	1d0bbbba55c45b97ce855f0d77aecaef24e287c8
L075	REF090	1-s2.0-S1364032122006293-main.pdf	Analysing the uncertainties of reanalysis data used for wind resource assessment - A critical review.pdf	research/wind-tower/references/user-provided/Analysing the uncertainties of reanalysis data used for wind resource assessment - A critical review.pdf	upload-new	10052448	20	d3d7216674415b2b77fd8d71a5dae0105ef08f6f811d92eb0faad6619ee8d843	82f359ce0ca00e082521c69389c7d813189b1b0e
L047	REF024	1-s2.0-S2214509526003025-main.pdf	Model and test verification for concrete fatigue failure of the steel-concrete hybrid wind turbine tower.pdf	research/wind-tower/references/user-provided/Model and test verification for concrete fatigue failure of the steel-concrete hybrid wind turbine tower.pdf	upload-new	13987683	20	badc889119b67e8dc0f2f71af96edcb1cf222bfb6c959d23ff2e4a14af924b83	0fc66a4be20683fedf4f86c5e4d009db93ab8f4c
L046	REF025	1-s2.0-S2590123026020748-main.pdf	Analysis on influence factors of static and dynamic response of prefabricated prestressed steel-concrete hybrid tower for onshore wind turbines.pdf	research/wind-tower/references/user-provided/Analysis on influence factors of static and dynamic response of prefabricated prestressed steel-concrete hybrid tower for onshore wind turbines.pdf	upload-new	9875586	15	f9abf83eea3002080b95a1bbf9936813f8f3b565d935615602f1fef291ac3e7a	a55f55bb4ed9926e6f92da7fa939ea7eafcd467f
L032	REF002	AKenna_PhD Thesis_Response & Optimisation of Hybrid Wind Turbine Towers.pdf	The Response and Optimisation of Hybrid Wind Turbine Towers_Alan Kenna.pdf	research/wind-tower/references/user-provided/The Response and Optimisation of Hybrid Wind Turbine Towers_Alan Kenna.pdf	upload-new	6052142	326	dee34112786b606acf433b388c980094e4cf892a29a9a5342fbe7001bc1ddd14	d659ac2044f5c407cc0453d2e39eafe650c9cbd8
L031	REF119	Analysis theory and engineering applications of steel–concrete hybrid tower structures for large wind turbines.pdf	Analysis theory and engineering applications of steel-concrete hybrid tower structures for large wind turbines.pdf	research/wind-tower/references/user-provided/Analysis theory and engineering applications of steel-concrete hybrid tower structures for large wind turbines.pdf	upload-new	18059846	14	3befa8b1430ceeda4a0ba7cae855537299a6f4fb16adc46a41d1b2d4a1777aa6	f9e1d70b0f67cc0b8182bcbfd8b159974c3890e2
L056	REF016	Compression-bending behavior of thin-walled prestressed concrete tower with horizontal joint for wind turbines - Experimental study and calculation model.pdf	Compression-bending behavior of thin-walled prestressed concrete tower with horizontal joint for wind turbines - Experimental study and calculation model.pdf	research/wind-tower/references/user-provided/Compression-bending behavior of thin-walled prestressed concrete tower with horizontal joint for wind turbines - Experimental study and calculation model.pdf	reuse-existing	14298933	21	ede45007074492f6e540a7775f147686bdc2f3e47bd6557fa14c6a2152031bfa	e39dd8c24dec4e3444a2e7d915e110729485dd30
L051	REF039	content.pdf	Closed-Form Solution of Fundamental Frequency of Steel-Concrete Hybrid Wind Turbine Tower.pdf	research/wind-tower/references/user-provided/Closed-Form Solution of Fundamental Frequency of Steel-Concrete Hybrid Wind Turbine Tower.pdf	upload-new	3209785	45	1c9f474b16de3a2de29e8baf0b9d2c2d2ddb9bbf33f0319dcb13f82fd1e2789e	5bcf607d2a7874d1ad4024e5171447ef312dc8f5
L076	REF083	er.6382.pdf	The role of the power law exponent in wind energy assessment - A global analysis.pdf	research/wind-tower/references/user-provided/The role of the power law exponent in wind energy assessment - A global analysis.pdf	upload-new	5882928	13	678afe5cded793d3e2117d3f50c8ab245eef3c4eedbbcab64311f4ead00aa8a9	4458d0c644ef7437ee55dce919746e7cf8cc135c
L077	REF094	ERA5再分析资料在风能资源方面的应用_贺莉微.pdf	ERA5再分析资料在风能资源方面的应用_贺莉微.pdf	research/wind-tower/references/user-provided/ERA5再分析资料在风能资源方面的应用_贺莉微.pdf	upload-new	2588130	6	ff97444d8b84c90703441ea2961f3e8607c62396de318b1aaba6874db21fb9ff	d890a11cca0019ee7d6aedadab132ab15f9ee56e
L002	REF005	Experimental and two-scale numerical studies on the behavior of prestressed concrete-steel hybrid wind turbine tower models.pdf	Experimental and two-scale numerical studies on the behavior of prestressed concrete-steel hybrid wind turbine tower models.pdf	research/wind-tower/references/user-provided/Experimental and two-scale numerical studies on the behavior of prestressed concrete-steel hybrid wind turbine tower models.pdf	reuse-existing	7347561	13	0c016693e43a4568a79b0336699ce52d428de72d3dc05e2c19665201d3e6dae1	a3222375489ef21e1690bb0d6b039e775b3ed90e
L057	REF015	Experimental study on the combined compression-bending-torsion behavior of prestressed concrete towers for wind turbines considering horizontal joints.pdf	Experimental study on the combined compression-bending-torsion behavior of prestressed concrete towers for wind turbines considering horizontal joints.pdf	research/wind-tower/references/user-provided/Experimental study on the combined compression-bending-torsion behavior of prestressed concrete towers for wind turbines considering horizontal joints.pdf	reuse-existing	18273853	23	7bb3f4e60fe760aa9c4605c2af732a7a3ce19fd6df16a532443cb3a2b6818ef0	cb0331004c184f818b2842f55f754dd4637c98d0
L055	REF018	Fatigue analysis of segmental precast post-tensioned concrete towers under operational wind turbine loads.pdf	Fatigue analysis of segmental precast post-tensioned concrete towers under operational wind turbine loads.pdf	research/wind-tower/references/user-provided/Fatigue analysis of segmental precast post-tensioned concrete towers under operational wind turbine loads.pdf	reuse-existing	9613557	15	ea9372686b9ef01f91be11267387a185131aed17cf9eda187b5813682b91fab9	759dc436844cbb81eedbcd344fe729bb67122523
L005	REF051	High-fidelity integrated co-simulation model for dynamic analysis of onshore wind turbines with Steel-Concrete Hybrid Tower.pdf	High-fidelity integrated co-simulation model for dynamic analysis of onshore wind turbines with Steel-Concrete Hybrid Tower.pdf	research/wind-tower/references/user-provided/High-fidelity integrated co-simulation model for dynamic analysis of onshore wind turbines with Steel-Concrete Hybrid Tower.pdf	reuse-existing	5062896	21	0ede4affba46b9580eca30b2c26dd54246d375ca9e53ee76a37707a0fa7b87eb	0f95c71f9a74d919392881a44ce9987af7a0a981
L059	REF010	Intelligent analysis of dynamic characteristics of steel-concrete hybrid wind turbine tower based on adaptive vibration mode.pdf	Intelligent analysis of dynamic characteristics of steel-concrete hybrid wind turbine tower based on adaptive vibration mode.pdf	research/wind-tower/references/user-provided/Intelligent analysis of dynamic characteristics of steel-concrete hybrid wind turbine tower based on adaptive vibration mode.pdf	reuse-existing	4389627	12	4c5fb8e57b713245bc8d06cedcb683b509c2038b41a34cdb76acba66fcb5aed0	e5228acc2bc28b121424f5c053af93860b864726
L053	REF020	Intelligent optimal design of steel-concrete hybrid wind turbine tower based on evolutionary algorithm.pdf	Intelligent optimal design of steel-concrete hybrid wind turbine tower based on evolutionary algorithm.pdf	research/wind-tower/references/user-provided/Intelligent optimal design of steel-concrete hybrid wind turbine tower based on evolutionary algorithm.pdf	reuse-existing	3281828	14	60648b30bfb0fe5dec34b81471201d274065a5dfb0491b3751eca8dbb77b6041	52a74237e98e2fe7eb259f74bacd706eeb643508
L052	REF061	Nonlinear dynamic response analyses of Onshore Wind Turbines with Steel-Concrete Hybrid Tower using a co-simulation approach.pdf	Nonlinear dynamic response analyses of Onshore Wind Turbines with Steel-Concrete Hybrid Tower using a co-simulation approach.pdf	research/wind-tower/references/user-provided/Nonlinear dynamic response analyses of Onshore Wind Turbines with Steel-Concrete Hybrid Tower using a co-simulation approach.pdf	reuse-existing	5949356	17	86a46402bd0aa2e57fb9e02e10749ca2a02c183a80039abe75d156cea339e237	5da54b0a858a7b5d4ddf5fa7f812145240e99334
L078	REF120	P--.pdf	考虑P-Δ效应的钢混凝土混合塔筒动力响应分析_李守振.pdf	research/wind-tower/references/user-provided/考虑P-Δ效应的钢混凝土混合塔筒动力响应分析_李守振.pdf	upload-new	3388901	8	05a93d438ceb0dfe2f5b22547100583aabc7f954d19dd56463271bc5cb863614	cd0a8734e38d336d9f9a8b7bbbea10f65f789d72
L043	REF035	s40069-022-00542-8.pdf	Structural Behavior Analysis of UHPC Hybrid Tower for 3-MW Super Tall Wind Turbine Under Rated Wind Load.pdf	research/wind-tower/references/user-provided/Structural Behavior Analysis of UHPC Hybrid Tower for 3-MW Super Tall Wind Turbine Under Rated Wind Load.pdf	upload-new	3443617	13	b6f86c1d1be3acfd7713d38f4637d19b0b7f379f706f90b022a69c4c65386b39	0c5ac9f3f5edaa75ceb7c86ff07e01005a904c8d
L016	REF041	s40069-025-00800-5.pdf	Numerical Simulation and Fatigue Analysis of the Grout Layer Replacement for Horizontal Joint of Wind Turbine Prestressed Concrete Tower.pdf	research/wind-tower/references/user-provided/Numerical Simulation and Fatigue Analysis of the Grout Layer Replacement for Horizontal Joint of Wind Turbine Prestressed Concrete Tower.pdf	upload-new	12826430	23	017d4f36cb27022d40f6918bbcd17a9f53ef04bdc66e0bd917cd5062741bc1a0	3433f1a2fc4c0983c80fa8691a2c99d469887a5a
L041	REF033	Structural Design Tall Build - 2020 - Chen - Design optimization of steel concrete hybrid wind turbine tower based on.pdf	Design optimization of steel-concrete hybrid wind turbine tower based on improved genetic algorithm.pdf	research/wind-tower/references/user-provided/Design optimization of steel-concrete hybrid wind turbine tower based on improved genetic algorithm.pdf	upload-new	2006888	14	ec5478bbc135ad76ad52ddca785a3d238f81992196d26ec777d7a284f39e1008	58eebe1c03b231e861b3b5d3ca155244c6c9846c
L058	REF017	Torsional behavior of prestressed concrete towers for wind turbines considering the effect of horizontal joint.pdf	Torsional behavior of prestressed concrete towers for wind turbines considering the effect of horizontal joint.pdf	research/wind-tower/references/user-provided/Torsional behavior of prestressed concrete towers for wind turbines considering the effect of horizontal joint.pdf	reuse-existing	16637732	26	83c7f787cc0e0fec9daeb063842ba89b5b281115cf211ca9a7dafc82438f3187	d0dc3560a8d7f4357fb524598e7c1413ce691bf4
L079	REF095	基于ERA5数据的江苏海域风能资源评估_吉会峰.pdf	基于ERA5数据的江苏海域风能资源评估_吉会峰.pdf	research/wind-tower/references/user-provided/基于ERA5数据的江苏海域风能资源评估_吉会峰.pdf	upload-new	6238520	5	8d5fa01371c55c30ba8d642dd8ea611b3c918f1de116dba777c8806027d95828	dfe9ba3f61b6469d86b69d68fd4e6186afd8524d
L080	REF007	预应力混凝土-钢混合风电塔架结构优化及性能分析_李泽宇 (1).pdf	预应力混凝土-钢混合风电塔架结构优化及性能分析_李泽宇.pdf	research/wind-tower/references/user-provided/预应力混凝土-钢混合风电塔架结构优化及性能分析_李泽宇.pdf	upload-new	11603016	178	3de5c54954f790a926d966af045755b519e98e4d040762cab973484561817501	3bec624baeaba581a4f7396142c4669b7807680c
L081	REF006	风电机组钢—混凝土混合塔筒动力性能及损伤识别研究_李守振.pdf	风电机组钢-混凝土混合塔筒动力性能及损伤识别研究_李守振.pdf	research/wind-tower/references/user-provided/风电机组钢-混凝土混合塔筒动力性能及损伤识别研究_李守振.pdf	upload-new	18574735	184	165282049258a5e18c110be89dc46bf00e269e126ea8d589bda7e5ee824ceee9	c7d2e254dc583fc8e30c725058ecfa88f57a26d8
