id	filename	url	expected_sha256
L002	Experimental and two-scale numerical studies on the behavior of prestressed concrete-steel hybrid wind turbine tower models.pdf	https://www.sciencedirect.com/science/article/pii/S0141029623000366/pdfft?isDTMRedir=true&download=true	ea7e556627322d8277b87bd337b7b0bc709bea5ca979850194a5b3cbff2c19b7
L053	Intelligent optimal design of steel-concrete hybrid wind turbine tower based on evolutionary algorithm.pdf	https://www.sciencedirect.com/science/article/pii/S0143974X24002797/pdfft?isDTMRedir=true&download=true	1c33f96ee85f0e4516f5dd3aed3f543b3b4a60d3a44c2f7da7c60aa74a2aa907
L054	Generative design of steel-prestressed concrete hybrid wind turbine tower based on machine learning and multi-objective optimization.pdf	https://www.sciencedirect.com/science/article/pii/S014102962501226X/pdfft?isDTMRedir=true&download=true	a20fdb878e87dd6b87a478c9dd4370a1bcbc1b4dd1f7aa6297f5be2cd33b5008
L055	Fatigue analysis of segmental precast post-tensioned concrete towers under operational wind turbine loads.pdf	https://www.sciencedirect.com/science/article/pii/S0141029625006868/pdfft?isDTMRedir=true&download=true	858d44b9229c679b64ccb627c53ee0282689254b28f9c78c37f6fc222a5dbd30
L056	Compression-bending behavior of thin-walled prestressed concrete tower with horizontal joint for wind turbines - Experimental study and calculation model.pdf	https://www.sciencedirect.com/science/article/pii/S0263823125002484/pdfft?isDTMRedir=true&download=true	ede45007074492f6e540a7775f147686bdc2f3e47bd6557fa14c6a2152031bfa
L057	Experimental study on the combined compression-bending-torsion behavior of prestressed concrete towers for wind turbines considering horizontal joints.pdf	https://www.sciencedirect.com/science/article/pii/S0263823125006639/pdfft?isDTMRedir=true&download=true	7bb3f4e60fe760aa9c4605c2af732a7a3ce19fd6df16a532443cb3a2b6818ef0
L058	Torsional behavior of prestressed concrete towers for wind turbines considering the effect of horizontal joint.pdf	https://www.sciencedirect.com/science/article/pii/S0263823125007037/pdfft?isDTMRedir=true&download=true	83c7f787cc0e0fec9daeb063842ba89b5b281115cf211ca9a7dafc82438f3187
L005	High-fidelity integrated co-simulation model for dynamic analysis of onshore wind turbines with Steel-Concrete Hybrid Tower.pdf	https://www.sciencedirect.com/science/article/pii/S0888327025002845/pdfft?isDTMRedir=true&download=true	859ef5122b2c4b8568970f756ae6c9fbcecbc655cf0eb46971b0e2bf84c0a4c9
L052	Nonlinear dynamic response analyses of Onshore Wind Turbines with Steel-Concrete Hybrid Tower using a co-simulation approach.pdf	https://www.sciencedirect.com/science/article/pii/S0960148125001375/pdfft?isDTMRedir=true&download=true	2adf4839e8fedab539559b0f6aa594497f7c04675901d2bb8746ca22e02306bd
L059	Intelligent analysis of dynamic characteristics of steel-concrete hybrid wind turbine tower based on adaptive vibration mode.pdf	https://www.sciencedirect.com/science/article/pii/S2352012424013870/pdfft?isDTMRedir=true&download=true	716b4615a635c1f32e27bb247a84fcafeab51ed62abea5eb8f990a7fe3526ce0
