id	ref_id	original_filename	filename	doi	previous_sha256	uploaded_sha256	previous_bytes	uploaded_bytes	pages	comparison	date
L002	REF005	paper_01.pdf	Experimental and two-scale numerical studies on the behavior of prestressed concrete-steel hybrid wind turbine tower models.pdf	10.1016/j.engstruct.2023.115622	ea7e556627322d8277b87bd337b7b0bc709bea5ca979850194a5b3cbff2c19b7	0c016693e43a4568a79b0336699ce52d428de72d3dc05e2c19665201d3e6dae1	7322601	7347561	13	same-article-different-binary	2026-10-05
L053	REF020	paper_02.pdf	Intelligent optimal design of steel-concrete hybrid wind turbine tower based on evolutionary algorithm.pdf	10.1016/j.jcsr.2024.108729	1c33f96ee85f0e4516f5dd3aed3f543b3b4a60d3a44c2f7da7c60aa74a2aa907	60648b30bfb0fe5dec34b81471201d274065a5dfb0491b3751eca8dbb77b6041	3274354	3281828	14	same-article-different-binary	2026-10-05
L055	REF018	paper_04.pdf	Fatigue analysis of segmental precast post-tensioned concrete towers under operational wind turbine loads.pdf	10.1016/j.engstruct.2025.120295	858d44b9229c679b64ccb627c53ee0282689254b28f9c78c37f6fc222a5dbd30	ea9372686b9ef01f91be11267387a185131aed17cf9eda187b5813682b91fab9	9609246	9613557	15	same-article-different-binary	2026-10-05
L056	REF016	paper_05.pdf	Compression-bending behavior of thin-walled prestressed concrete tower with horizontal joint for wind turbines - Experimental study and calculation model.pdf	10.1016/j.tws.2025.113154	ede45007074492f6e540a7775f147686bdc2f3e47bd6557fa14c6a2152031bfa	ede45007074492f6e540a7775f147686bdc2f3e47bd6557fa14c6a2152031bfa	14298933	14298933	21	same-binary	2026-10-05
L057	REF015	paper_06.pdf	Experimental study on the combined compression-bending-torsion behavior of prestressed concrete towers for wind turbines considering horizontal joints.pdf	10.1016/j.tws.2025.113570	7bb3f4e60fe760aa9c4605c2af732a7a3ce19fd6df16a532443cb3a2b6818ef0	7bb3f4e60fe760aa9c4605c2af732a7a3ce19fd6df16a532443cb3a2b6818ef0	18273853	18273853	23	same-binary	2026-10-05
L058	REF017	paper_07.pdf	Torsional behavior of prestressed concrete towers for wind turbines considering the effect of horizontal joint.pdf	10.1016/j.tws.2025.113610	83c7f787cc0e0fec9daeb063842ba89b5b281115cf211ca9a7dafc82438f3187	83c7f787cc0e0fec9daeb063842ba89b5b281115cf211ca9a7dafc82438f3187	16637732	16637732	26	same-binary	2026-10-05
L005	REF051	paper_08.pdf	High-fidelity integrated co-simulation model for dynamic analysis of onshore wind turbines with Steel-Concrete Hybrid Tower.pdf	10.1016/j.ymssp.2025.112583	859ef5122b2c4b8568970f756ae6c9fbcecbc655cf0eb46971b0e2bf84c0a4c9	0ede4affba46b9580eca30b2c26dd54246d375ca9e53ee76a37707a0fa7b87eb	5077109	5062896	21	same-article-different-binary	2026-10-05
L052	REF061	paper_09.pdf	Nonlinear dynamic response analyses of Onshore Wind Turbines with Steel-Concrete Hybrid Tower using a co-simulation approach.pdf	10.1016/j.renene.2025.122475	2adf4839e8fedab539559b0f6aa594497f7c04675901d2bb8746ca22e02306bd	86a46402bd0aa2e57fb9e02e10749ca2a02c183a80039abe75d156cea339e237	5970807	5949356	17	same-article-different-binary	2026-10-05
L059	REF010	paper_10.pdf	Intelligent analysis of dynamic characteristics of steel-concrete hybrid wind turbine tower based on adaptive vibration mode.pdf	10.1016/j.istruc.2024.107235	716b4615a635c1f32e27bb247a84fcafeab51ed62abea5eb8f990a7fe3526ce0	4c5fb8e57b713245bc8d06cedcb683b509c2038b41a34cdb76acba66fcb5aed0	4385831	4389627	12	same-article-different-binary	2026-10-05
