case_id,channel,method,cycle_rows,equiv_full_cycles,DEL_m4_Neq1e5
U09p343881_ETM_S01,TwrBsMxt,generic_extract_cycles,677,670.0,3091.6161391498736
U09p343881_ETM_S01,TwrBsMxt,openfast_rainflow_astm,1340,670.0,3091.6161391498736
U09p343881_ETM_S01,TwrBsMxt,openfast_rainflow_windap,818,409.0,3085.6611799029965
U09p343881_ETM_S01,TwrBsMyt,generic_extract_cycles,672,664.5,21627.905141197163
U09p343881_ETM_S01,TwrBsMyt,openfast_rainflow_astm,1329,664.5,21627.905141197163
U09p343881_ETM_S01,TwrBsMyt,openfast_rainflow_windap,819,409.5,21619.309479269283
U09p343881_ETM_S02,TwrBsMxt,generic_extract_cycles,636,631.0,3005.1094385894107
U09p343881_ETM_S02,TwrBsMxt,openfast_rainflow_astm,1262,631.0,3005.1094385894107
U09p343881_ETM_S02,TwrBsMxt,openfast_rainflow_windap,878,439.0,2997.089842359694
U09p343881_ETM_S02,TwrBsMyt,generic_extract_cycles,686,681.5,17222.37582415414
U09p343881_ETM_S02,TwrBsMyt,openfast_rainflow_astm,1363,681.5,17222.37582415414
U09p343881_ETM_S02,TwrBsMyt,openfast_rainflow_windap,821,410.5,17183.63992850763
U09p343881_ETM_S03,TwrBsMxt,generic_extract_cycles,638,632.5,2483.9408652570205
U09p343881_ETM_S03,TwrBsMxt,openfast_rainflow_astm,1265,632.5,2483.9408652570205
U09p343881_ETM_S03,TwrBsMxt,openfast_rainflow_windap,885,442.5,2483.186305707341
U09p343881_ETM_S03,TwrBsMyt,generic_extract_cycles,657,651.0,18704.478862684166
U09p343881_ETM_S03,TwrBsMyt,openfast_rainflow_astm,1302,651.0,18704.478862684162
U09p343881_ETM_S03,TwrBsMyt,openfast_rainflow_windap,828,414.0,18690.281218149154
U09p343881_ETM_S04,TwrBsMxt,generic_extract_cycles,653,644.0,3506.4428562542507
U09p343881_ETM_S04,TwrBsMxt,openfast_rainflow_astm,1288,644.0,3506.4428562542507
U09p343881_ETM_S04,TwrBsMxt,openfast_rainflow_windap,882,441.0,3500.8772483127686
U09p343881_ETM_S04,TwrBsMyt,generic_extract_cycles,666,659.5,21433.642895871697
U09p343881_ETM_S04,TwrBsMyt,openfast_rainflow_astm,1319,659.5,21433.642895871693
U09p343881_ETM_S04,TwrBsMyt,openfast_rainflow_windap,825,412.5,21417.14696447735
U09p343881_ETM_S05,TwrBsMxt,generic_extract_cycles,683,679.0,2735.1369548983025
U09p343881_ETM_S05,TwrBsMxt,openfast_rainflow_astm,1358,679.0,2735.1369548983025
U09p343881_ETM_S05,TwrBsMxt,openfast_rainflow_windap,848,424.0,2741.0097594289305
U09p343881_ETM_S05,TwrBsMyt,generic_extract_cycles,701,697.5,15491.88212424683
U09p343881_ETM_S05,TwrBsMyt,openfast_rainflow_astm,1395,697.5,15491.882124246831
U09p343881_ETM_S05,TwrBsMyt,openfast_rainflow_windap,876,438.0,15455.486310265436
U09p343881_ETM_S06,TwrBsMxt,generic_extract_cycles,665,659.5,3278.7859700734907
U09p343881_ETM_S06,TwrBsMxt,openfast_rainflow_astm,1319,659.5,3278.7859700734907
U09p343881_ETM_S06,TwrBsMxt,openfast_rainflow_windap,879,439.5,3278.4230401254317
U09p343881_ETM_S06,TwrBsMyt,generic_extract_cycles,694,689.0,26023.38681804091
U09p343881_ETM_S06,TwrBsMyt,openfast_rainflow_astm,1378,689.0,26023.38681804091
U09p343881_ETM_S06,TwrBsMyt,openfast_rainflow_windap,716,358.0,26125.557714152856
U09p343881_NTM_S01,TwrBsMxt,generic_extract_cycles,667,663.0,2014.9262624299413
U09p343881_NTM_S01,TwrBsMxt,openfast_rainflow_astm,1326,663.0,2014.9262624299413
U09p343881_NTM_S01,TwrBsMxt,openfast_rainflow_windap,826,413.0,2016.8515589272472
U09p343881_NTM_S01,TwrBsMyt,generic_extract_cycles,683,678.0,14214.85462002862
U09p343881_NTM_S01,TwrBsMyt,openfast_rainflow_astm,1356,678.0,14214.85462002862
U09p343881_NTM_S01,TwrBsMyt,openfast_rainflow_windap,773,386.5,14236.45735477713
U09p343881_NTM_S02,TwrBsMxt,generic_extract_cycles,663,658.0,1851.908113406344
U09p343881_NTM_S02,TwrBsMxt,openfast_rainflow_astm,1316,658.0,1851.9081134063438
U09p343881_NTM_S02,TwrBsMxt,openfast_rainflow_windap,823,411.5,1855.20238169242
U09p343881_NTM_S02,TwrBsMyt,generic_extract_cycles,670,667.0,10723.518598436467
U09p343881_NTM_S02,TwrBsMyt,openfast_rainflow_astm,1334,667.0,10723.518598436467
U09p343881_NTM_S02,TwrBsMyt,openfast_rainflow_windap,766,383.0,10687.834725621798
U09p343881_NTM_S03,TwrBsMxt,generic_extract_cycles,674,668.5,1532.8452458189736
U09p343881_NTM_S03,TwrBsMxt,openfast_rainflow_astm,1337,668.5,1532.8452458189736
U09p343881_NTM_S03,TwrBsMxt,openfast_rainflow_windap,848,424.0,1536.5341079791203
U09p343881_NTM_S03,TwrBsMyt,generic_extract_cycles,665,660.5,12206.081128545342
U09p343881_NTM_S03,TwrBsMyt,openfast_rainflow_astm,1321,660.5,12206.081128545342
U09p343881_NTM_S03,TwrBsMyt,openfast_rainflow_windap,781,390.5,12176.160723536495
U09p343881_NTM_S04,TwrBsMxt,generic_extract_cycles,642,637.0,2185.406808027748
U09p343881_NTM_S04,TwrBsMxt,openfast_rainflow_astm,1274,637.0,2185.406808027748
U09p343881_NTM_S04,TwrBsMxt,openfast_rainflow_windap,805,402.5,2177.8257515851183
U09p343881_NTM_S04,TwrBsMyt,generic_extract_cycles,646,640.5,13658.940741905766
U09p343881_NTM_S04,TwrBsMyt,openfast_rainflow_astm,1281,640.5,13658.940741905764
U09p343881_NTM_S04,TwrBsMyt,openfast_rainflow_windap,780,390.0,13634.678271123057
U09p343881_NTM_S05,TwrBsMxt,generic_extract_cycles,634,628.0,1859.7673085721467
U09p343881_NTM_S05,TwrBsMxt,openfast_rainflow_astm,1256,628.0,1859.7673085721467
U09p343881_NTM_S05,TwrBsMxt,openfast_rainflow_windap,834,417.0,1861.8296905495174
U09p343881_NTM_S05,TwrBsMyt,generic_extract_cycles,690,687.0,10013.646110429654
U09p343881_NTM_S05,TwrBsMyt,openfast_rainflow_astm,1374,687.0,10013.646110429652
U09p343881_NTM_S05,TwrBsMyt,openfast_rainflow_windap,839,419.5,10009.180525364625
U09p343881_NTM_S06,TwrBsMxt,generic_extract_cycles,625,619.5,1913.9295968807585
U09p343881_NTM_S06,TwrBsMxt,openfast_rainflow_astm,1239,619.5,1913.9295968807585
U09p343881_NTM_S06,TwrBsMxt,openfast_rainflow_windap,883,441.5,1908.5970095817754
U09p343881_NTM_S06,TwrBsMyt,generic_extract_cycles,692,687.5,12159.285387778427
U09p343881_NTM_S06,TwrBsMyt,openfast_rainflow_astm,1375,687.5,12159.285387778427
U09p343881_NTM_S06,TwrBsMyt,openfast_rainflow_windap,790,395.0,12135.19625544436
U11p4_ETM_S01,TwrBsMxt,generic_extract_cycles,657,651.0,3958.275198924022
U11p4_ETM_S01,TwrBsMxt,openfast_rainflow_astm,1302,651.0,3958.275198924022
U11p4_ETM_S01,TwrBsMxt,openfast_rainflow_windap,828,414.0,3957.837594040072
U11p4_ETM_S01,TwrBsMyt,generic_extract_cycles,700,693.5,19529.929549540455
U11p4_ETM_S01,TwrBsMyt,openfast_rainflow_astm,1387,693.5,19529.929549540455
U11p4_ETM_S01,TwrBsMyt,openfast_rainflow_windap,887,443.5,19503.34766991684
U11p4_ETM_S02,TwrBsMxt,generic_extract_cycles,662,656.5,3836.2302306600814
U11p4_ETM_S02,TwrBsMxt,openfast_rainflow_astm,1313,656.5,3836.2302306600814
U11p4_ETM_S02,TwrBsMxt,openfast_rainflow_windap,826,413.0,3838.1492871170467
U11p4_ETM_S02,TwrBsMyt,generic_extract_cycles,709,702.5,22545.70469036659
U11p4_ETM_S02,TwrBsMyt,openfast_rainflow_astm,1405,702.5,22545.704690366594
U11p4_ETM_S02,TwrBsMyt,openfast_rainflow_windap,835,417.5,22505.971953456123
U11p4_ETM_S03,TwrBsMxt,generic_extract_cycles,647,640.0,3332.868313990062
U11p4_ETM_S03,TwrBsMxt,openfast_rainflow_astm,1280,640.0,3332.8683139900613
U11p4_ETM_S03,TwrBsMxt,openfast_rainflow_windap,858,429.0,3343.5317832393866
U11p4_ETM_S03,TwrBsMyt,generic_extract_cycles,687,679.5,23005.397834265208
U11p4_ETM_S03,TwrBsMyt,openfast_rainflow_astm,1359,679.5,23005.397834265204
U11p4_ETM_S03,TwrBsMyt,openfast_rainflow_windap,772,386.0,23023.169139161277
U11p4_ETM_S04,TwrBsMxt,generic_extract_cycles,652,644.0,4096.488305303117
U11p4_ETM_S04,TwrBsMxt,openfast_rainflow_astm,1288,644.0,4096.488305303117
U11p4_ETM_S04,TwrBsMxt,openfast_rainflow_windap,829,414.5,4102.794296139718
U11p4_ETM_S04,TwrBsMyt,generic_extract_cycles,662,655.0,26802.478501532038
U11p4_ETM_S04,TwrBsMyt,openfast_rainflow_astm,1310,655.0,26802.478501532038
U11p4_ETM_S04,TwrBsMyt,openfast_rainflow_windap,818,409.0,26835.486977355664
U11p4_ETM_S05,TwrBsMxt,generic_extract_cycles,649,642.5,4005.563168639271
U11p4_ETM_S05,TwrBsMxt,openfast_rainflow_astm,1285,642.5,4005.563168639271
U11p4_ETM_S05,TwrBsMxt,openfast_rainflow_windap,821,410.5,4002.5490336844136
U11p4_ETM_S05,TwrBsMyt,generic_extract_cycles,671,665.0,24126.683193619538
U11p4_ETM_S05,TwrBsMyt,openfast_rainflow_astm,1330,665.0,24126.683193619538
U11p4_ETM_S05,TwrBsMyt,openfast_rainflow_windap,804,402.0,24085.89599685375
U11p4_ETM_S06,TwrBsMxt,generic_extract_cycles,648,644.0,4073.491955628659
U11p4_ETM_S06,TwrBsMxt,openfast_rainflow_astm,1288,644.0,4073.491955628659
U11p4_ETM_S06,TwrBsMxt,openfast_rainflow_windap,855,427.5,4077.570583031569
U11p4_ETM_S06,TwrBsMyt,generic_extract_cycles,700,694.5,24068.429914962424
U11p4_ETM_S06,TwrBsMyt,openfast_rainflow_astm,1389,694.5,24068.429914962424
U11p4_ETM_S06,TwrBsMyt,openfast_rainflow_windap,836,418.0,24034.92877939596
U11p4_NTM_S01,TwrBsMxt,generic_extract_cycles,653,647.5,2570.56556728597
U11p4_NTM_S01,TwrBsMxt,openfast_rainflow_astm,1295,647.5,2570.56556728597
U11p4_NTM_S01,TwrBsMxt,openfast_rainflow_windap,828,414.0,2564.6872908038445
U11p4_NTM_S01,TwrBsMyt,generic_extract_cycles,707,701.0,13449.593653864928
U11p4_NTM_S01,TwrBsMyt,openfast_rainflow_astm,1402,701.0,13449.593653864928
U11p4_NTM_S01,TwrBsMyt,openfast_rainflow_windap,891,445.5,13446.418272788793
U11p4_NTM_S02,TwrBsMxt,generic_extract_cycles,663,657.0,2576.4371431005443
U11p4_NTM_S02,TwrBsMxt,openfast_rainflow_astm,1314,657.0,2576.4371431005443
U11p4_NTM_S02,TwrBsMxt,openfast_rainflow_windap,803,401.5,2582.023769292026
U11p4_NTM_S02,TwrBsMyt,generic_extract_cycles,699,694.5,14951.700300481534
U11p4_NTM_S02,TwrBsMyt,openfast_rainflow_astm,1389,694.5,14951.700300481534
U11p4_NTM_S02,TwrBsMyt,openfast_rainflow_windap,851,425.5,14953.092704853449
U11p4_NTM_S03,TwrBsMxt,generic_extract_cycles,645,641.5,2083.6101012331546
U11p4_NTM_S03,TwrBsMxt,openfast_rainflow_astm,1283,641.5,2083.6101012331546
U11p4_NTM_S03,TwrBsMxt,openfast_rainflow_windap,889,444.5,2082.442414541086
U11p4_NTM_S03,TwrBsMyt,generic_extract_cycles,691,686.5,14678.679764398132
U11p4_NTM_S03,TwrBsMyt,openfast_rainflow_astm,1373,686.5,14678.679764398132
U11p4_NTM_S03,TwrBsMyt,openfast_rainflow_windap,801,400.5,14656.097410649669
U11p4_NTM_S04,TwrBsMxt,generic_extract_cycles,664,657.0,2702.3848527126966
U11p4_NTM_S04,TwrBsMxt,openfast_rainflow_astm,1314,657.0,2702.3848527126966
U11p4_NTM_S04,TwrBsMxt,openfast_rainflow_windap,809,404.5,2701.5536391848714
U11p4_NTM_S04,TwrBsMyt,generic_extract_cycles,674,664.5,18148.3694360669
U11p4_NTM_S04,TwrBsMyt,openfast_rainflow_astm,1329,664.5,18148.3694360669
U11p4_NTM_S04,TwrBsMyt,openfast_rainflow_windap,825,412.5,18176.8061139244
U11p4_NTM_S05,TwrBsMxt,generic_extract_cycles,647,637.5,2494.8912480840713
U11p4_NTM_S05,TwrBsMxt,openfast_rainflow_astm,1275,637.5,2494.8912480840713
U11p4_NTM_S05,TwrBsMxt,openfast_rainflow_windap,891,445.5,2490.3922813268387
U11p4_NTM_S05,TwrBsMyt,generic_extract_cycles,688,683.0,15405.235411704123
U11p4_NTM_S05,TwrBsMyt,openfast_rainflow_astm,1366,683.0,15405.235411704123
U11p4_NTM_S05,TwrBsMyt,openfast_rainflow_windap,853,426.5,15364.944562035142
U11p4_NTM_S06,TwrBsMxt,generic_extract_cycles,657,653.0,2506.4513175746665
U11p4_NTM_S06,TwrBsMxt,openfast_rainflow_astm,1306,653.0,2506.4513175746665
U11p4_NTM_S06,TwrBsMxt,openfast_rainflow_windap,864,432.0,2511.8472293515224
U11p4_NTM_S06,TwrBsMyt,generic_extract_cycles,710,706.0,17902.084598904476
U11p4_NTM_S06,TwrBsMyt,openfast_rainflow_astm,1412,706.0,17902.084598904476
U11p4_NTM_S06,TwrBsMyt,openfast_rainflow_windap,776,388.0,17950.37163940071
U19p202140_ETM_S01,TwrBsMxt,generic_extract_cycles,580,571.0,9452.719931811009
U19p202140_ETM_S01,TwrBsMxt,openfast_rainflow_astm,1142,571.0,9452.719931811009
U19p202140_ETM_S01,TwrBsMxt,openfast_rainflow_windap,548,274.0,9456.820027623926
U19p202140_ETM_S01,TwrBsMyt,generic_extract_cycles,723,715.5,22517.05043755894
U19p202140_ETM_S01,TwrBsMyt,openfast_rainflow_astm,1431,715.5,22517.05043755894
U19p202140_ETM_S01,TwrBsMyt,openfast_rainflow_windap,871,435.5,22523.171793906757
U19p202140_ETM_S02,TwrBsMxt,generic_extract_cycles,584,578.5,9468.855047640667
U19p202140_ETM_S02,TwrBsMxt,openfast_rainflow_astm,1157,578.5,9468.855047640667
U19p202140_ETM_S02,TwrBsMxt,openfast_rainflow_windap,587,293.5,9479.041244527107
U19p202140_ETM_S02,TwrBsMyt,generic_extract_cycles,687,683.5,22308.608089960017
U19p202140_ETM_S02,TwrBsMyt,openfast_rainflow_astm,1367,683.5,22308.608089960017
U19p202140_ETM_S02,TwrBsMyt,openfast_rainflow_windap,877,438.5,22324.46191625217
U19p202140_ETM_S03,TwrBsMxt,generic_extract_cycles,637,631.5,6500.467943798728
U19p202140_ETM_S03,TwrBsMxt,openfast_rainflow_astm,1263,631.5,6500.467943798728
U19p202140_ETM_S03,TwrBsMxt,openfast_rainflow_windap,711,355.5,6512.554239203318
U19p202140_ETM_S03,TwrBsMyt,generic_extract_cycles,713,707.0,20782.93312261225
U19p202140_ETM_S03,TwrBsMyt,openfast_rainflow_astm,1414,707.0,20782.93312261225
U19p202140_ETM_S03,TwrBsMyt,openfast_rainflow_windap,874,437.0,20805.6783207999
U19p202140_ETM_S04,TwrBsMxt,generic_extract_cycles,589,580.0,8848.487007732896
U19p202140_ETM_S04,TwrBsMxt,openfast_rainflow_astm,1160,580.0,8848.487007732896
U19p202140_ETM_S04,TwrBsMxt,openfast_rainflow_windap,580,290.0,8857.971311210884
U19p202140_ETM_S04,TwrBsMyt,generic_extract_cycles,716,712.0,24323.114873025417
U19p202140_ETM_S04,TwrBsMyt,openfast_rainflow_astm,1424,712.0,24323.114873025417
U19p202140_ETM_S04,TwrBsMyt,openfast_rainflow_windap,846,423.0,24358.17170697975
U19p202140_ETM_S05,TwrBsMxt,generic_extract_cycles,638,632.0,8103.552839895034
U19p202140_ETM_S05,TwrBsMxt,openfast_rainflow_astm,1264,632.0,8103.552839895034
U19p202140_ETM_S05,TwrBsMxt,openfast_rainflow_windap,698,349.0,8094.175604778687
U19p202140_ETM_S05,TwrBsMyt,generic_extract_cycles,722,716.5,22237.58374164104
U19p202140_ETM_S05,TwrBsMyt,openfast_rainflow_astm,1433,716.5,22237.58374164104
U19p202140_ETM_S05,TwrBsMyt,openfast_rainflow_windap,875,437.5,22204.09196997345
U19p202140_ETM_S06,TwrBsMxt,generic_extract_cycles,634,628.5,8703.179537347767
U19p202140_ETM_S06,TwrBsMxt,openfast_rainflow_astm,1257,628.5,8703.179537347767
U19p202140_ETM_S06,TwrBsMxt,openfast_rainflow_windap,651,325.5,8711.562003271309
U19p202140_ETM_S06,TwrBsMyt,generic_extract_cycles,719,714.5,23542.402408911486
U19p202140_ETM_S06,TwrBsMyt,openfast_rainflow_astm,1429,714.5,23542.402408911486
U19p202140_ETM_S06,TwrBsMyt,openfast_rainflow_windap,846,423.0,23591.887009272912
U19p202140_NTM_S01,TwrBsMxt,generic_extract_cycles,641,634.0,6697.713897689617
U19p202140_NTM_S01,TwrBsMxt,openfast_rainflow_astm,1268,634.0,6697.713897689617
U19p202140_NTM_S01,TwrBsMxt,openfast_rainflow_windap,611,305.5,6695.357667060143
U19p202140_NTM_S01,TwrBsMyt,generic_extract_cycles,720,711.5,16764.145911869437
U19p202140_NTM_S01,TwrBsMyt,openfast_rainflow_astm,1423,711.5,16764.145911869437
U19p202140_NTM_S01,TwrBsMyt,openfast_rainflow_windap,893,446.5,16747.68583590529
U19p202140_NTM_S02,TwrBsMxt,generic_extract_cycles,592,587.0,7161.8547807897885
U19p202140_NTM_S02,TwrBsMxt,openfast_rainflow_astm,1174,587.0,7161.8547807897885
U19p202140_NTM_S02,TwrBsMxt,openfast_rainflow_windap,545,272.5,7185.243847428607
U19p202140_NTM_S02,TwrBsMyt,generic_extract_cycles,696,692.0,17029.173983349127
U19p202140_NTM_S02,TwrBsMyt,openfast_rainflow_astm,1384,692.0,17029.173983349127
U19p202140_NTM_S02,TwrBsMyt,openfast_rainflow_windap,881,440.5,16959.460435216468
U19p202140_NTM_S03,TwrBsMxt,generic_extract_cycles,647,642.0,4834.630973739652
U19p202140_NTM_S03,TwrBsMxt,openfast_rainflow_astm,1284,642.0,4834.630973739653
U19p202140_NTM_S03,TwrBsMxt,openfast_rainflow_windap,714,357.0,4851.413011186382
U19p202140_NTM_S03,TwrBsMyt,generic_extract_cycles,728,722.5,15377.264291508167
U19p202140_NTM_S03,TwrBsMyt,openfast_rainflow_astm,1445,722.5,15377.264291508167
U19p202140_NTM_S03,TwrBsMyt,openfast_rainflow_windap,892,446.0,15371.234272771258
U19p202140_NTM_S04,TwrBsMxt,generic_extract_cycles,554,546.0,7418.514830080838
U19p202140_NTM_S04,TwrBsMxt,openfast_rainflow_astm,1092,546.0,7418.514830080838
U19p202140_NTM_S04,TwrBsMxt,openfast_rainflow_windap,566,283.0,7407.403817355292
U19p202140_NTM_S04,TwrBsMyt,generic_extract_cycles,706,702.0,18699.510797007377
U19p202140_NTM_S04,TwrBsMyt,openfast_rainflow_astm,1404,702.0,18699.510797007377
U19p202140_NTM_S04,TwrBsMyt,openfast_rainflow_windap,832,416.0,18739.065710531184
U19p202140_NTM_S05,TwrBsMxt,generic_extract_cycles,631,623.5,6047.6625162131495
U19p202140_NTM_S05,TwrBsMxt,openfast_rainflow_astm,1247,623.5,6047.66251621315
U19p202140_NTM_S05,TwrBsMxt,openfast_rainflow_windap,704,352.0,6043.039710541441
U19p202140_NTM_S05,TwrBsMyt,generic_extract_cycles,715,708.5,16873.79568652481
U19p202140_NTM_S05,TwrBsMyt,openfast_rainflow_astm,1417,708.5,16873.79568652481
U19p202140_NTM_S05,TwrBsMyt,openfast_rainflow_windap,859,429.5,16860.705366012447
U19p202140_NTM_S06,TwrBsMxt,generic_extract_cycles,649,644.5,6515.985058554563
U19p202140_NTM_S06,TwrBsMxt,openfast_rainflow_astm,1289,644.5,6515.985058554563
U19p202140_NTM_S06,TwrBsMxt,openfast_rainflow_windap,645,322.5,6513.296285338257
U19p202140_NTM_S06,TwrBsMyt,generic_extract_cycles,728,724.0,17676.08356196728
U19p202140_NTM_S06,TwrBsMyt,openfast_rainflow_astm,1448,724.0,17676.08356196728
U19p202140_NTM_S06,TwrBsMyt,openfast_rainflow_windap,854,427.0,17679.600788823922
