ref_id	year	type	title	direct_relevance_to_thesis	method_used	what_it_supports	what_it_does_not_support	priority
REF080	2018	journal	ERA5: The new champion of wind power modelling?	ERA5 wind-power modelling validation	ERA5 vs MERRA-2; five countries; 1051 turbines; compare simulated generation with measurements	ERA5 is a credible long-term wind-power/reanalysis source and outperformed MERRA-2 in that study	Does not justify local turbulence, hub-height 161.37m extrapolation, NTM/ETM or structural load histories	P0
REF081	2020	journal	Global offshore wind energy resources using the new ERA-5 reanalysis	Long-term ERA5 wind resource	ERA5 hourly/model-level winds used for global offshore WPD/resource assessment	Peer-reviewed ERA5 wind-resource precedent; importance of hourly resolution and height treatment	Offshore/global scope; not local Jiayu site validation	P1
REF082	2020	journal	Evaluation of ERA5, MERRA-2, COSMO-REA6, NEWA and AROME to simulate wind power production over France	ERA5 validation and terrain limitations	Compare reanalyses with wind-power observations over France	ERA5 can support large-scale wind-energy studies but local/terrain bias must be discussed	Not a direct vertical extrapolation recipe for this site	P0
REF103	2020	journal	Combination of meteorological reanalysis data and stochastic simulation for modelling wind generation variability	Direct architecture match: reanalysis background + stochastic variability	Combine meteorological reanalysis and stochastic simulation; validate against 15-min generation measurements	Strong support that coarse reanalysis and stochastic modelling have different roles; supports ERA5→TurbSim separation	Not a TurbSim parameter source and not an OpenFAST load-validation paper	P0
REF083	2021	journal	The role of the power law exponent in wind energy assessment: A global analysis	Very direct U10/U100→hub-height logic	Hourly ERA5 10m/100m winds; derive time-dependent/spatially explicit alpha; compare with mean alpha and 0.14	Directly supports deriving alpha(t)=ln(U100/U10)/ln(10) rather than blindly using 1/7	Global analysis; does not validate Jiayu 161.37m result by itself	P0
REF084	2021	journal	Reliability of ERA5 Reanalysis Data for Wind Resource Assessment: A Comparison against Tall Towers	ERA5 vs tall-tower validation	Compare ERA5 with six tall towers across heterogeneous sites	Requires site/topography caution and measurement validation where possible	Does not provide turbulence or design-load time series	P0
REF085	2021	journal	Modeling of Ethiopian Wind Power Production Using ERA5 Reanalysis Data	Direct workflow precedent	ERA5 extraction/interpolation/downscaling→hub-height extrapolation→farm power curve→measurement comparison	Supports an end-to-end ERA5 wind-energy workflow including hub-height conversion	Ethiopia/farm-power scope; not direct 10MW structural-load support	P0
REF086	2021	journal	A global assessment of extreme wind speeds for wind energy applications	ERA5 extreme-wind climate context	Use ERA5 hub-height wind for 50-year sustained extreme-wind atlas and compare with observations	Supports ERA5 for long-term extreme climate screening	Not ETM turbulent realization or short-term structural loading	P1
REF087	2021	journal	Accurate long-term power generation model for offshore wind farms in Europe using ERA5 reanalysis	Long-term generation context	ERA5 long-term hourly wind→offshore farm generation	Supports long-term wind-energy use	Offshore; not site-specific tower loads	P1
REF088	2022	journal	Towards global validation of wind power simulations: A multi-country assessment of wind power simulation from MERRA-2 and ERA-5 reanalyses bias-corrected with the Global Wind Atlas	ERA5 multi-country validation	Bias-correct reanalysis; compare simulated wind power across multiple countries	Supports ERA5 with bias-awareness rather than treating it as truth	Does not define local turbulence or IEC wind models	P0
REF089	2022	journal	Validation of European-scale simulated wind speed and wind generation time series	ERA5 large-scale vs local-resolution limitation	ERA5/NEWA/EIWR validation against tall masts and national generation; microscale scaling	Strong support for ERA5 large-scale background and explicit acknowledgement of missing local/high-frequency structure	Does not define TurbSim grid/seed settings	P0
REF090	2022	review	Analysing the uncertainties of reanalysis data used for wind resource assessment: A critical review	Uncertainty review	Review 15 reanalyses, 322 locations, 40 studies	Required limitation discussion: reanalysis uncertainty depends strongly on terrain/location	Not a single implementation recipe	P0
REF101	2022	journal	A revised offshore wind resource assessment and site selection along the Indian coast using ERA5 near-hub-height wind products	Near-hub-height ERA5 wind-resource precedent	ERA5 near-hub-height products→WPD/site selection/energy output	Supports hub-height resource assessment architecture	Offshore India; not Jiayu validation	P1
REF091	2023	journal	Estimating hub-height wind speed based on a machine learning algorithm: implications for wind energy assessment	Extremely relevant to 161.37m hub height	Compare hub-height estimates at 120/160/200m; discuss power-law extrapolation and error growth above 100m	Direct warning that extrapolating ERA5 above 100m, including ~160m, has increasing uncertainty	Does not invalidate power law; requires uncertainty treatment/validation	P0
REF095	2023	Chinese journal	基于ERA5数据的江苏海域风能资源评估	Domestic ERA5 wind-resource precedent	ERA5-based wind-resource/WPD/stability/reserve assessment	Chinese peer-reviewed precedent for ERA5 wind-energy resource analysis	Offshore Jiangsu; no direct Jiayu parameter transfer	P1
REF093	2024	journal	Spatiotemporal variation of power law exponent on the use of wind energy	Very direct U10/U100 dynamic-alpha support	Hourly ERA5 10m/100m 1980–2022; alpha varies in time/space; validate with eight wind towers	Strong support for hourly/time-varying alpha and rejection of universal 1/7	Requires regional validation in complex terrain	P0
REF098	2019	Master thesis	Development of a Methodology for Preliminary Site Assessment for Offshore Wind Applications based on ERA5 Reanalysis Data	ERA5 methodology thesis precedent	ERA5 hindcast as input to site assessment; wind statistics/AEP/extreme-wind criteria; three case sites	Direct academic-thesis precedent for a structured ERA5 wind-energy methodology chapter	Offshore/site-assessment scope, not structural turbulence	P1
REF097	2024	Master thesis	中国海域风浪时空演变特征和联合开发潜力评估	Chinese master's thesis ERA5 precedent	ERA5 + ocean observations for long-term wind/wave spatial-temporal evolution and energy potential	Chinese thesis precedent for ERA5 long-term resource/background analysis	Offshore Chinese waters; not hub-height 161.37m validation	P1
REF092	2025	journal	Evaluation of ERA5 wind parameter with in-situ data offshore China	China-specific ERA5 validation	Hourly ERA5 10m/100m compared with 19 offshore-China wind towers	Strong Chinese evidence: good general skill but high-wind underestimation; validates need for caution	Offshore China; not onshore Jiayu correction	P0
REF096	2026	journal	Segmented Bias Correction of ERA5 100 m Wind Speed for Wind-Resource Assessment in Complex Terrain	Hubei/local-region relevance	459630 hourly observation-reanalysis pairs from 64 wind masts; complex-terrain bias correction	Very strong local-region warning that ERA5 100m may require regime/terrain-aware correction	Does not prove Jiayu must use the same correction model without local validation	P0
REF094	2021	Chinese journal	ERA5再分析资料在风能资源方面的应用	Hubei-authored direct ERA5 wind-energy paper	Full text not yet independently read	High-priority domestic source to acquire and extract before exact method citation	Metadata alone cannot support exact formula/parameter wording	P0
REF102	2024	journal	Underestimation of strong wind speeds offshore in ERA5: evidence, discussion and correction	Strong-wind limitation	Compare ERA5 strong winds and propose correction	Supports explicit limitation statement for extremes	Offshore correction not transferable to Jiayu	P1
