part	path	bytes	sha256
1	experiments/T026/figures/C65-fine-convergence-tail.pdf	32454	029da551bf5f94373e677406e64f2a1ac8c75233bbf63710ab0d843eeeca31fb
1	experiments/T026/figures/damping-plot-1-zh.pdf	63256	b65fef22f1d862d499e54c76d32905333a9dbf789ead0056a3b9e20b6c3ce284
1	experiments/T026/figures/damping-plot-2-zh.pdf	65816	9e626edbdf27435a7e28aa4d5b18a890dea7d868c1a2b430f41e7977d7f064a3
1	experiments/T026/figures/damping-plot-3-zh.pdf	71509	704d1d7c3941d2da2bb71211d856a2057d0c0fe2f984a06e71e42af01d5882c8
1	experiments/T026/figures/figure2-1-input-geometry.pdf	556963	9cab1c7f8be02eab9e9968188a0e0903da2ebfdcabd28d3f142b5998c46ca058
1	experiments/T026/figures/figure2-1-word-zh.pdf	578383	39301fb82f8b20f41d2472011bac84ce13a642a10e1afa8dfa763258e85da795
1	experiments/T026/figures/mesh-convergence-zh.pdf	25467	3ea8d25f83be22b0c57c6d7705510ddd187457bbe799de953444002e59a86def
1	experiments/T026/figures/mesh-convergence.pdf	5832	69a5081d8533a5e61dd7950e1cd4579f504390ff5ac053f957f8a9d6dc3b95f7
1	experiments/T026/figures/modal-shapes-zh.pdf	33856	59b6ac5842487ae85892f3779a41260b12c042625a9eb4f6de86ec36d2132455
1	experiments/T026/figures/modal-shapes.pdf	16306	ec021678888cf30ab66376374a2abbac0511eaf897cb56295881eee09f422779
1	experiments/T026/figures/pt-verification-zh.pdf	14400	8a4fb3ead31a33ba40851808ea69ad5dd7c569b685115786ceb8cb26ecf72222
1	experiments/T026/figures/pt-verification.pdf	2281	e1763502ad3fb5f0726f0992af8e71c749bb55a37eeeb0ce2ba324a61acd228c
1	experiments/T026/figures/real-material-curves-zh.pdf	128573	5868d6b8be4898c0a1bb69b5576e21a556a9ad08de2a58306e4f764e5432d231
1	experiments/T026/figures/real-material-curves.pdf	114152	51cb230f657c7c839a082f432bd31d3880ab65bcb4c9a5b9dcdfd7ec9f5a25a8
1	experiments/T026/figures/source-rna-mesh-zh.pdf	957828	0c3de95a6e43f7e540b64ac9e8a84e0a1b6b882dc532959468862d796b14a8ad
1	references/baselines-and-site-20261004/site-gwa/06_GWA_DTU10MW_160m_AEP报告_0pctLoss.pdf	3907353	67a4062317752f847293c3ee472509f8ce0aacd6de70134636fbf0142a779dae
1	references/baselines-and-site-20261004/site-public-eia/华润嘉鱼簰洲湾200MW风电项目_环评报告表_公示版_镜像.pdf	8528735	805983cf137efb9c0dc08882d9b9e4d76f7d910e846b0bd64b74b5ab963b28be
1	references/baselines-and-site-20261004/site-public-project/嘉鱼县政府_项目文件.pdf	723046	f8864a2cd80e7886021ce93b9b71b55fe0bdd033be853f9e3ed65c53380201d5
1	references/open-access/Bak_2013_DTU_10MW_Reference_Wind_Turbine.pdf	2025692	3d2e0d6f53eea0f7cee56879f2c587cd8eeff414b6c67af8df0ce46ae7e23c24
1	references/open-access/Berg_2011_AIAA_1D_to_3D_Load_Mapping.pdf	688388	813bc95221a8876284502fe35baf1bd06ad409b2bebf218472bfb74849dd1a0e
1	references/open-access/Brown_2024_WES_9_1791.pdf	12523840	cd29e924829f6a8e5b7a6d340d07b4f84d6e851af7eee4ed33173e6c2e2cd623
1	references/open-access/DOE_2015_Enabling_Wind_Power_Nationwide.pdf	6607943	30ca91a5aba4ecfe7889510fd869eda6001b8d0b34dcf7b76118caa7185aa74c
1	references/open-access/Dong_2025_Buildings_15_3786.pdf	6356365	4580759f71790350f94de9cb518d12723ffd144334b649df6e788f27e15a4552
1	references/open-access/Gandoin_2024_WES_9_1727_ERA5_StrongWind.pdf	7526543	14589a8418595a1291afb7490dafce0a5213567dc2c4fc1961754c2b93bc5950
1	references/open-access/Gkantou_2020_Energies_13_3950.pdf	3127280	76a0d8038ce6397ead9c3fdf093e68df2609499ea1512241c5436f10caa5846c
1	references/open-access/Gualtieri_2021_Energies_14_4169_ERA5_TallTowers.pdf	2194232	23065ba37f3902e16f33888fe95e437548c50059f8ee93d0223665ae315296ca
1	references/open-access/Guma_2021_WES_6_93.pdf	4994708	bd403805c3d5dd7f80ea1f82a4142e78588e9562f27f8b890608e4510065846d
1	references/open-access/Hannesdottir_2019_WES_4_325.pdf	7388629	f9c380e52728667bc3eb8f79c722121d4a854389b8e13620b79e4486191eb891
1	references/open-access/Huang_2022_Structures_35_1125.pdf	5426001	822ccd6623214c5418ef49f63746a6f178ab75c81ac3bf2d8bb7ce3c3fba7ea7
1	references/open-access/JMSE_2022_10_983_MeshConvergence_WindTurbine.pdf	2841321	1863c60290c38852b45fa82f803e7cf117584952c0f99d7216a723182574f23a
1	references/open-access/Ji_2025_PLOS_ONE_ERA5_China_WindTowers.pdf	2055754	955e5fc9a5e70579ab3acd6181f13fb64925621660f8fdb72ae4cdeab0fcec76
1	references/open-access/Jourdier_2020_ASR_17_63_ERA5_WindPower.pdf	7912446	291f1110a0a659c09a5049b5e4b2865062b80ccd20f6faeee0ebc79a9a500d0e
1	references/open-access/Li_2020_IOP_CDP_012036.pdf	541787	0a35c722324215220d7e10de889e23ecc6e4a98d9b564cc7f00ad5aed21d2e42
2	references/open-access/Li_2021_AppliedSciences_8683.pdf	3359108	212bbbe69b2c0616df4fa2d8c8807328fb9a0ddb340cfc4ca7e57a279c243352
2	references/open-access/Lian_2022_Energies_15_5787.pdf	4170896	29b8a485ce70b4afba8bf54419c10348358b977875dc203892b1b8f172bf7b40
2	references/open-access/Liu_2023_ACP_23_3181_HubHeightWind.pdf	2310404	d35fc83d35161b4c724c60473b54a004a906d5f5ad125e9507edb07727f5ff9d
2	references/open-access/Murcia_2022_AppliedEnergy_117794_ERA5_Validation.pdf	6883712	11060da7ad7fc4f0179400a42e1105510976f2f4d76ebb0dd07b1351d055321b
2	references/open-access/Qu_2026_Buildings_16_3854.pdf	19946934	ce5e7bbee3a8d8fb794c4eee9b8df46359e34ef466fd8015ca400ec06cedcb01
2	references/open-access/Rappe_2025_JMSE_13_1630_OpenFAST_Abaqus_LoadMapping.pdf	27492091	2bed6b2c1d71cd07762eff7ab1156d3436941846e49b77df65c2ee1bc0a5cd07
2	references/open-access/Robertson_2019_WES_4_479.pdf	13850738	3d620dc97085efe82d607ae7ff96ff3de958ad5f53fd923797bff0ce26357237
2	references/open-access/Sanchez_2022_WES_DEL_1171.pdf	4192672	076ede0b718ace12d10aee6254980898d82417bd6258c24d0917512f2c88216d
2	references/open-access/Sayed_2016_JPCS_753_042009.pdf	3391389	e4fe11d7c08f67c5d04b949613a560022782575deff5b620416b26f802819706
3	references/open-access/Soares_2020_ERL_ERA5_GlobalOffshoreWind.pdf	7612322	7ecedaf8f6963f775e31c33070bcad96419dc6a98edb727253256a60efb015ff
3	references/open-access/Tan_2025_EngineeringStructures_120443_AAM.pdf	2373918	3ce0c1cbebe82f0333e12cec8c375d7865e99b96adc212d3e862f29884dcf0d0
3	references/open-access/Tan_2025_Structures_108811_AAM.pdf	1814987	6e6a53198002b481e5086ee3a2f3baf7072764fca08d842715b023e3c6ed7cae
3	references/open-access/Trigaux_2024_WES_9_1765.pdf	11226660	91e933058a75753ec21365200062321db187cf9b76e6ce248df79e0020e3168e
3	references/open-access/WES_2026_Numerical_Input_Sensitivity_11_2447.pdf	15565044	876ac5757dd880bcf54b2ba8ec9d012ae7c8a5e4382c458ac755519b0cd72dc0
3	references/open-access/Wang_2025_JCEE_Hybrid_Tower_Technology_Review.pdf	4546985	9e461202ecdb77c7fd9017890da2fd73bcfd9aef9cfeab367258c93b4632b5d9
3	references/open-access/Wu_2022_SCS_44_407_160m_Hybrid_Tower.pdf	3327595	cfaee65bc0adfff21f1f4df815d1f202c149d9cc477b3776e83e3bc17fded7f4
3	references/open-access/Xing_2026_Frontiers_1728006.pdf	4192862	b7402d360c7610e667186ec7af9e36ea1e7c6b382e5e9f75c83edf8b300c95e5
3	references/user-provided/Compression-bending behavior of thin-walled prestressed concrete tower with horizontal joint for wind turbines - Experimental study and calculation model.pdf	14298933	ede45007074492f6e540a7775f147686bdc2f3e47bd6557fa14c6a2152031bfa
3	references/user-provided/Experimental and two-scale numerical studies on the behavior of prestressed concrete-steel hybrid wind turbine tower models.pdf	7347561	0c016693e43a4568a79b0336699ce52d428de72d3dc05e2c19665201d3e6dae1
4	references/user-provided/Experimental study on the combined compression-bending-torsion behavior of prestressed concrete towers for wind turbines considering horizontal joints.pdf	18273853	7bb3f4e60fe760aa9c4605c2af732a7a3ce19fd6df16a532443cb3a2b6818ef0
4	references/user-provided/Fatigue analysis of segmental precast post-tensioned concrete towers under operational wind turbine loads.pdf	9613557	ea9372686b9ef01f91be11267387a185131aed17cf9eda187b5813682b91fab9
4	references/user-provided/High-fidelity integrated co-simulation model for dynamic analysis of onshore wind turbines with Steel-Concrete Hybrid Tower.pdf	5062896	0ede4affba46b9580eca30b2c26dd54246d375ca9e53ee76a37707a0fa7b87eb
4	references/user-provided/Intelligent analysis of dynamic characteristics of steel-concrete hybrid wind turbine tower based on adaptive vibration mode.pdf	4389627	4c5fb8e57b713245bc8d06cedcb683b509c2038b41a34cdb76acba66fcb5aed0
4	references/user-provided/Intelligent optimal design of steel-concrete hybrid wind turbine tower based on evolutionary algorithm.pdf	3281828	60648b30bfb0fe5dec34b81471201d274065a5dfb0491b3751eca8dbb77b6041
4	references/user-provided/Nonlinear dynamic response analyses of Onshore Wind Turbines with Steel-Concrete Hybrid Tower using a co-simulation approach.pdf	5949356	86a46402bd0aa2e57fb9e02e10749ca2a02c183a80039abe75d156cea339e237
4	references/user-provided/Torsional behavior of prestressed concrete towers for wind turbines considering the effect of horizontal joint.pdf	16637732	83c7f787cc0e0fec9daeb063842ba89b5b281115cf211ca9a7dafc82438f3187
