case_id,group,wind_type,URef_m_s,seed,inp,bts
U09p343881_NTM_S01,SITE,NTM,9.343881,104729,U09p343881_NTM_S01.inp,U09p343881_NTM_S01.bts
U09p343881_ETM_S01,SITE,ETM,9.343881,104729,U09p343881_ETM_S01.inp,U09p343881_ETM_S01.bts
U09p343881_NTM_S02,SITE,NTM,9.343881,130363,U09p343881_NTM_S02.inp,U09p343881_NTM_S02.bts
U09p343881_ETM_S02,SITE,ETM,9.343881,130363,U09p343881_ETM_S02.inp,U09p343881_ETM_S02.bts
U09p343881_NTM_S03,SITE,NTM,9.343881,155921,U09p343881_NTM_S03.inp,U09p343881_NTM_S03.bts
U09p343881_ETM_S03,SITE,ETM,9.343881,155921,U09p343881_ETM_S03.inp,U09p343881_ETM_S03.bts
U09p343881_NTM_S04,SITE,NTM,9.343881,181081,U09p343881_NTM_S04.inp,U09p343881_NTM_S04.bts
U09p343881_ETM_S04,SITE,ETM,9.343881,181081,U09p343881_ETM_S04.inp,U09p343881_ETM_S04.bts
U09p343881_NTM_S05,SITE,NTM,9.343881,206369,U09p343881_NTM_S05.inp,U09p343881_NTM_S05.bts
U09p343881_ETM_S05,SITE,ETM,9.343881,206369,U09p343881_ETM_S05.inp,U09p343881_ETM_S05.bts
U09p343881_NTM_S06,SITE,NTM,9.343881,231701,U09p343881_NTM_S06.inp,U09p343881_NTM_S06.bts
U09p343881_ETM_S06,SITE,ETM,9.343881,231701,U09p343881_ETM_S06.inp,U09p343881_ETM_S06.bts
U11p4_NTM_S01,RATED,NTM,11.400000,104729,U11p4_NTM_S01.inp,U11p4_NTM_S01.bts
U11p4_ETM_S01,RATED,ETM,11.400000,104729,U11p4_ETM_S01.inp,U11p4_ETM_S01.bts
U11p4_NTM_S02,RATED,NTM,11.400000,130363,U11p4_NTM_S02.inp,U11p4_NTM_S02.bts
U11p4_ETM_S02,RATED,ETM,11.400000,130363,U11p4_ETM_S02.inp,U11p4_ETM_S02.bts
U11p4_NTM_S03,RATED,NTM,11.400000,155921,U11p4_NTM_S03.inp,U11p4_NTM_S03.bts
U11p4_ETM_S03,RATED,ETM,11.400000,155921,U11p4_ETM_S03.inp,U11p4_ETM_S03.bts
U11p4_NTM_S04,RATED,NTM,11.400000,181081,U11p4_NTM_S04.inp,U11p4_NTM_S04.bts
U11p4_ETM_S04,RATED,ETM,11.400000,181081,U11p4_ETM_S04.inp,U11p4_ETM_S04.bts
U11p4_NTM_S05,RATED,NTM,11.400000,206369,U11p4_NTM_S05.inp,U11p4_NTM_S05.bts
U11p4_ETM_S05,RATED,ETM,11.400000,206369,U11p4_ETM_S05.inp,U11p4_ETM_S05.bts
U11p4_NTM_S06,RATED,NTM,11.400000,231701,U11p4_NTM_S06.inp,U11p4_NTM_S06.bts
U11p4_ETM_S06,RATED,ETM,11.400000,231701,U11p4_ETM_S06.inp,U11p4_ETM_S06.bts
U19p202140_NTM_S01,HIST,NTM,19.202140,104729,U19p202140_NTM_S01.inp,U19p202140_NTM_S01.bts
U19p202140_ETM_S01,HIST,ETM,19.202140,104729,U19p202140_ETM_S01.inp,U19p202140_ETM_S01.bts
U19p202140_NTM_S02,HIST,NTM,19.202140,130363,U19p202140_NTM_S02.inp,U19p202140_NTM_S02.bts
U19p202140_ETM_S02,HIST,ETM,19.202140,130363,U19p202140_ETM_S02.inp,U19p202140_ETM_S02.bts
U19p202140_NTM_S03,HIST,NTM,19.202140,155921,U19p202140_NTM_S03.inp,U19p202140_NTM_S03.bts
U19p202140_ETM_S03,HIST,ETM,19.202140,155921,U19p202140_ETM_S03.inp,U19p202140_ETM_S03.bts
U19p202140_NTM_S04,HIST,NTM,19.202140,181081,U19p202140_NTM_S04.inp,U19p202140_NTM_S04.bts
U19p202140_ETM_S04,HIST,ETM,19.202140,181081,U19p202140_ETM_S04.inp,U19p202140_ETM_S04.bts
U19p202140_NTM_S05,HIST,NTM,19.202140,206369,U19p202140_NTM_S05.inp,U19p202140_NTM_S05.bts
U19p202140_ETM_S05,HIST,ETM,19.202140,206369,U19p202140_ETM_S05.inp,U19p202140_ETM_S05.bts
U19p202140_NTM_S06,HIST,NTM,19.202140,231701,U19p202140_NTM_S06.inp,U19p202140_NTM_S06.bts
U19p202140_ETM_S06,HIST,ETM,19.202140,231701,U19p202140_ETM_S06.inp,U19p202140_ETM_S06.bts

