seg,top_height_m,outer_diameter_m,wall_mm,fc_MPa,concrete_annulus_m2,BF1_total_force_MN,BF1_precompression_ratio,BF8_total_force_MN,BF8_precompression_ratio
1,3.64,8.17,280,44.5,6.94040649,6.451200,0.020888,51.609600,0.167104
2,7.28,8.01,280,44.5,6.79966314,6.451200,0.021320,51.609600,0.170562
3,10.92,7.85,280,41.5,6.65891979,6.451200,0.023345,51.609600,0.186758
4,14.56,7.7,282.5,41.5,6.58303069,6.451200,0.023614,51.609600,0.188911
5,18.2,7.54,287.5,41.5,6.55051521,6.451200,0.023731,51.609600,0.189848
6,21.84,7.36,295,41.5,6.54762887,6.451200,0.023742,51.609600,0.189932
7,25.48,7.22,302.5,41.5,6.57392007,6.451200,0.023647,51.609600,0.189172
8,29.12,7.06,307.5,41.5,6.52318335,6.451200,0.023830,51.609600,0.190644
9,32.76,6.9,312.5,41.5,6.46726300,6.451200,0.024037,51.609600,0.192292
10,36.4,6.74,320,41.5,6.45408795,6.451200,0.024086,51.609600,0.192685
11,40.04,6.58,327.5,41.5,6.43301964,6.451200,0.024164,51.609600,0.193316
12,43.68,6.42,332.5,41.5,6.35887806,6.451200,0.024446,51.609600,0.195570
13,47.32,6.26,337.5,41.5,6.27955284,6.451200,0.024755,51.609600,0.198040
14,50.96,6.1,345,41.5,6.23755367,6.451200,0.024922,51.609600,0.199374
15,54.6,5.94,352.5,41.5,6.18766126,6.451200,0.025123,51.609600,0.200981
16,58.24,5.78,357.5,41.5,6.09011480,6.451200,0.025525,51.609600,0.204201
17,61.88,5.7,360,41.5,6.03939772,6.451200,0.025739,51.609600,0.205915
18,65.52,5.7,360,41.5,6.03939772,6.451200,0.025739,51.609600,0.205915
19,69.16,5.7,360,41.5,6.03939772,6.451200,0.025739,51.609600,0.205915
20,72.78,5.7,340,41.5,5.72523845,6.451200,0.027152,51.609600,0.217215
21,76.44,5.7,320,41.5,5.40856591,6.451200,0.028742,51.609600,0.229932
22,80.08,5.7,320,41.5,5.40856591,6.451200,0.028742,51.609600,0.229932
23,83.72,5.7,320,41.5,5.40856591,6.451200,0.028742,51.609600,0.229932
24,87.36,5.7,320,41.5,5.40856591,6.451200,0.028742,51.609600,0.229932
25,91,5.7,290,41.5,4.92884471,6.451200,0.031539,51.609600,0.252312
26,94.64,5.7,260,41.5,4.44346865,6.451200,0.034984,51.609600,0.279873
27,98.28,5.7,260,41.5,4.44346865,6.451200,0.034984,51.609600,0.279873
28,101.92,5.7,260,41.5,4.44346865,6.451200,0.034984,51.609600,0.279873
29,105.56,5.7,354,41.5,5.94541383,6.451200,0.026146,51.609600,0.209170
30,109.2,5.45,414,41.5,6.54991909,6.451200,0.023733,51.609600,0.189866
31,112,4.97,500,41.5,7.02145958,6.451200,0.022139,51.609600,0.177115
