ALLIE,ALLSE,E1,E2,E3,RF1_n1,RF1_n2,RF2_n1,RF2_n2,RF3_n1,RF3_n2,S1,S2,S3,U1_n1,U1_n2,U2_n1,U2_n2,U3_n1,U3_n2,step,time
65872.0859375,65872.0859375,0.0,0.0,0.0,-179200.0,179200.0,-0.0,-0.0,-0.0,-0.0,1280000000.0,0.0,0.0,0.0,0.0,0.0,0.0,0.0,0.0,InitialEquilibrium,0.0
65872.0859375,65872.0859375,0.0,0.0,0.0,-17920.0,17920.0,-0.0,-0.0,-0.0,-0.0,1280000000.0,0.0,0.0,0.0,0.0,0.0,0.0,0.0,0.0,InitialEquilibrium,0.10000000149011612
65872.0859375,65872.0859375,0.0,0.0,0.0,-35840.0,35840.0,-0.0,-0.0,-0.0,-0.0,1280000000.0,0.0,0.0,0.0,0.0,0.0,0.0,0.0,0.0,InitialEquilibrium,0.20000000298023224
65872.0859375,65872.0859375,0.0,0.0,0.0,-62720.0,62720.0,-0.0,-0.0,-0.0,-0.0,1280000000.0,0.0,0.0,0.0,0.0,0.0,0.0,0.0,0.0,InitialEquilibrium,0.3499999940395355
65872.0859375,65872.0859375,0.0,0.0,0.0,-103040.0,103040.0,-0.0,-0.0,-0.0,-0.0,1280000000.0,0.0,0.0,0.0,0.0,0.0,0.0,0.0,0.0,InitialEquilibrium,0.574999988079071
65872.0859375,65872.0859375,0.0,0.0,0.0,-163520.0,163520.0,-0.0,-0.0,-0.0,-0.0,1280000000.0,0.0,0.0,0.0,0.0,0.0,0.0,0.0,0.0,InitialEquilibrium,0.9125000238418579
65872.0859375,65872.0859375,0.0,0.0,0.0,-179200.0,179200.0,-0.0,-0.0,-0.0,-0.0,1280000000.0,0.0,0.0,0.0,0.0,0.0,0.0,0.0,0.0,InitialEquilibrium,1.0
65872.0859375,65872.0859375,0.0,0.0,0.0,-179200.0,179200.0,-0.0,-0.0,-0.0,-0.0,1280000000.0,0.0,0.0,0.0,0.0,0.0,0.0,0.0,0.0,AxialPerturbation,0.0
65890.0,65890.0,8.9285714e-07,0.0,0.0,-179224.38,179224.38,-0.0,-0.0,-0.0,-0.0,1280174100.0,0.0,0.0,2.4375e-35,1e-04,0.0,0.0,0.0,0.0,AxialPerturbation,0.10000000149011612
65907.9296875,65907.9296875,1.7857143e-06,0.0,0.0,-179248.75,179248.75,-0.0,-0.0,-0.0,-0.0,1280348200.0,0.0,0.0,0.0,0.0002,0.0,0.0,0.0,0.0,AxialPerturbation,0.20000000298023224
65934.8203125,65934.8203125,3.125e-06,0.0,0.0,-179285.31,179285.31,-0.0,-0.0,-0.0,-0.0,1280609400.0,0.0,0.0,-0.0,0.00035,0.0,0.0,0.0,0.0,AxialPerturbation,0.3499999940395355
65975.1640625,65975.1640625,5.1339284e-06,0.0,0.0,-179340.16,179340.16,-0.0,-0.0,-0.0,-0.0,1281001100.0,0.0,0.0,0.0,0.000575,0.0,0.0,0.0,0.0,AxialPerturbation,0.574999988079071
66035.703125,66035.703125,8.147322e-06,0.0,0.0,-179422.42,179422.42,-0.0,-0.0,-0.0,-0.0,1281588700.0,0.0,0.0,-0.0,0.0009125,0.0,0.0,0.0,0.0,AxialPerturbation,0.9125000238418579
66051.40625,66051.40625,8.928571e-06,0.0,0.0,-179443.75,179443.75,-0.0,-0.0,-0.0,-0.0,1281741000.0,0.0,0.0,0.0,0.001,0.0,0.0,0.0,0.0,AxialPerturbation,1.0
