segment,gage_z_m,V_max_kN,M_max_kNm,T_max_kNm,N_comp_max_kN
CSEG_01,1.7633929135903914,2138.8859392604204,340244.8469972215,25794.34135675216,25464.26794283146
CSEG_02,5.431247577572881,2147.8878075255684,332386.2070714063,25791.583922886985,24821.1695769366
CSEG_03,9.0991020729654,2158.981432980748,324490.259050492,25789.305954578827,24190.363318244374
CSEG_04,12.766955556818107,2171.2666191860703,316550.9304206095,25787.40727637612,23570.86250046
CSEG_05,16.434808366310936,2184.0021675703465,308566.6955511329,25785.776336793424,22960.05400827777
CSEG_06,19.9615904845124,2196.100251265908,300845.3805089463,25784.5052046229,22377.23188333415
CSEG_07,23.629443294005227,2208.0306154189907,292770.22346065514,25783.3603548347,21771.33367410441
CSEG_08,27.2972920573388,2218.906891695178,284654.01448684395,25782.28464364765,21165.41450326652
CSEG_09,30.965140820672367,2228.4557683689204,276501.08715977514,25781.350369656877,20562.51501421036
CSEG_10,34.63298688656643,2236.4761908208848,268314.9756305358,25780.58300778644,19963.44366407368
CSEG_11,38.15976226116913,2242.6010026994945,260419.35942360532,25779.916774018377,19389.50431894459
CSEG_12,41.82761102450269,2247.2588635681277,252215.5266638452,25779.29266646525,18796.221072743945
CSEG_13,45.49544986281167,2250.1817992767965,244006.62391314836,25778.82365399969,18209.20653276468
CSEG_14,49.16328849857533,2251.3912437615427,235824.91570346695,25778.438032323327,17628.53150838729
CSEG_15,52.83112849185108,2250.9023919923497,227724.48375541795,25778.16561570836,17052.501578320946
CSEG_16,56.357889344892094,2248.9278157252484,220073.36173742905,25778.04174405988,16504.45721168883
CSEG_17,60.02572219110743,2245.4280591966103,212180.4193086316,25778.034149829346,15941.748466033165
CSEG_18,63.69355251690293,2240.480586168411,204414.6169584299,25778.135559136383,15383.542058898613
CSEG_19,67.36147106093047,2234.093219737023,196715.6843043071,25778.30735340013,14826.514208556178
CSEG_20,71.02939355383913,2226.546360139928,188984.0636587224,25778.68717017747,14276.666571797332
CSEG_21,74.55624172893728,2218.7749702186147,181516.28503681076,25778.993488337477,13768.76986737168
CSEG_22,78.22415681979666,2210.714328990328,173716.11753101132,25779.436327389096,13262.272821176011
CSEG_23,81.89207649139588,2202.4851876002112,165882.79602358557,25780.033375806222,12763.029582595633
CSEG_24,85.55998291419847,2193.333953501375,158017.18941871304,25780.53648453216,12263.775919340696
CSEG_25,89.22788659608008,2187.3718293151574,150120.81693041718,25781.10857884518,11775.47624379293
CSEG_26,92.7547229285961,2189.075499571921,142501.43908686272,25781.63677498525,11336.14378814371
CSEG_27,96.42262125806784,2191.723227735584,134551.24977373533,25782.071855825143,10910.791286804031
CSEG_28,100.09051759079118,2194.559272201106,126576.8338891566,25782.46137369212,10496.561870868103
CSEG_29,103.7584132201532,2195.9833066538563,118581.9309809799,25782.79652294264,10047.789360639685
CSEG_30,107.42628766042566,2194.8941808342665,110572.3127616336,25783.010807719955,9518.649121726336
CSEG_31,110.52988996101917,2195.046409425697,103817.18401018284,25783.09874892975,9015.155905769492
