segment,gage_z_m,V_over_Vrd_631,V_over_Vrd_632,T_over_Trd,VplusT_screen,time_V_s,time_VT_s,time_T_s
CSEG_01,1.7633929135903914,0.8861474925163941,3.3470369121397505,2.386198257880362,4.935395259265288,652.5,653.35,622.5500000000001
CSEG_02,5.431247577572881,0.9067977120779288,3.3610721546156053,2.482230556337093,5.024366526989404,652.5,653.35,622.5500000000001
CSEG_03,9.099102072965401,0.9288116765327071,3.378421259559747,2.64390783905195,5.16881064289519,652.5,653.35,622.5500000000001
CSEG_04,12.766955556818107,0.9489842539142096,3.3610923764037985,2.739685131300485,5.2301252077496585,652.5,653.35,622.5500000000001
CSEG_05,16.434808366310936,0.9667696311040134,3.309638605732956,2.817909213394275,5.247043778777473,652.5,653.35,622.5500000000001
CSEG_06,19.9615904845124,0.9808201778826886,3.226114611075453,2.8898264552381407,5.230015614891573,652.5,653.35,622.5500000000001
CSEG_07,23.629443294005227,0.9957727127717769,3.147284367301066,2.948502513403573,5.207427860668368,652.5,653.35,622.5500000000001
CSEG_08,27.297292057338797,1.0137443138966216,3.1013248145180086,3.016343053801477,5.222743786983685,652.5,653.35,622.5500000000001
CSEG_09,30.965140820672367,1.0314755946585088,3.0552803066053222,3.110525213803503,5.259308579911069,652.5,653.35,622.5500000000001
CSEG_10,34.63298688656643,1.0454222221420033,2.981028116640651,3.2003766487819125,5.281060986808884,652.5,622.5500000000001,622.5500000000001
CSEG_11,38.15976226116913,1.0578660548443253,2.9083094147939303,3.2863430501824262,5.310573192433545,652.5,622.5500000000001,622.5500000000001
CSEG_12,41.827611024502694,1.0740836857334648,2.8626549566028823,3.3923822337663263,5.3782489658958825,652.5,622.5500000000001,622.5500000000001
CSEG_13,45.49544986281167,1.0896594457914828,2.816400117918168,3.519587608436337,5.466117333613061,652.5,622.5500000000001,622.5500000000001
CSEG_14,49.16328849857533,1.100813871986207,2.746114905577182,3.645197344482781,5.535263721541285,652.5,622.5500000000001,622.5500000000001
CSEG_15,52.83112849185108,1.1111612494706793,2.677268002618501,3.769818288365966,5.603934140559862,652.5,622.5500000000001,622.5500000000001
CSEG_16,56.357889344892094,1.1237618146195443,2.631250257806246,3.918847604328454,5.712557895248857,652.5,622.5500000000001,622.5500000000001
CSEG_17,60.02572219110743,1.1405048106096787,2.6057984080636514,4.04894892148965,5.815346634618688,652.5,622.5500000000001,622.5500000000001
CSEG_18,63.69355251690293,1.161041878569505,2.5999024810839484,4.094221742010399,5.845789879841439,652.5,622.5500000000001,622.5500000000001
CSEG_19,67.36147106093047,1.1816130809706296,2.5923268191859465,4.094249027296729,5.828919241233003,652.5,622.5500000000001,622.5500000000001
CSEG_20,71.02939355383913,1.2393513018817879,2.7618155381441443,4.1985510085255715,6.033186034661752,652.5,622.5500000000001,622.5500000000001
CSEG_21,74.55624172893728,1.301519289950942,2.956068010679177,4.4265465670717665,6.375832364626329,652.5,622.5500000000001,622.5500000000001
CSEG_22,78.22415681979666,1.324692532261567,2.945152491669789,4.551563230223198,6.477852637615584,652.5500000000001,622.5500000000001,622.5500000000001
CSEG_23,81.89207649139588,1.3482484925267713,2.933992887334264,4.551668643839987,6.453609853919755,652.5500000000001,622.5500000000001,622.5500000000001
CSEG_24,85.55998291419847,1.372725458319531,2.921589128515087,4.551757471661848,6.427707352105281,652.5500000000001,622.5500000000001,622.5500000000001
CSEG_25,89.22788659608008,1.4790316050696508,3.277960199221965,4.755044953275071,6.930507386311801,652.75,653.35,622.5500000000001
CSEG_26,92.7547229285961,1.6028126342428612,3.7489114348253114,5.229841972453265,7.758737898588041,652.75,653.35,622.5500000000001
CSEG_27,96.42262125806785,1.6397932948913514,3.7531969781974284,5.509484969325255,7.97929740496103,652.8000000000001,653.35,622.5500000000001
CSEG_28,100.09051759079118,1.6783797209003424,3.757763930171394,5.509568207121091,7.978040789478515,652.8000000000001,653.35,622.5500000000001
CSEG_29,103.7584132201532,1.4278136562742219,2.595816549083773,4.727086730374455,6.277272981077713,652.8000000000001,622.5500000000001,622.5500000000001
CSEG_30,107.42628766042566,1.315172550842158,2.164587870781345,4.046361097416435,5.3135182186801595,652.8000000000001,622.5500000000001,622.5500000000001
CSEG_31,110.52988996101915,1.1684833806746102,1.747566548490136,4.002490481248252,5.004609202768132,652.15,622.5500000000001,622.5500000000001
