segment,As_req_raw_no_PT_mm2,ratio_req_prov_raw,control_time_raw_s,alpha_raw,N_at_raw_control_kN,M_at_raw_control_kNm,ea_mm,As_req_ULS14_no_PT_mm2,ratio_req_prov_ULS14,control_time_ULS14_s,alpha_ULS14,bars_each_row,Abar_mm2,D_m,di_m,wall_mm,As_provided_total_mm2,d_eq_req_same_count_ULS14_mm,bars_each_row_if_phi32_ULS14,status_current_source_rebar_ULS14
CSEG_01,93725.175191,0.883960,652.500000,0.462586,25352.171829,340244.846997,274.999986,258396.149037,2.437038,652.500000,0.433775,108,490.873852,8.250000,7.690000,280.000000,106028.752032,39.027542,161,FAIL_NO_PT
CSEG_02,98778.948133,0.931624,652.500000,0.460585,24708.616343,332386.207071,269.666661,262636.622177,2.477032,652.500000,0.432574,108,490.873852,8.090000,7.530000,280.000000,106028.752032,39.346475,164,FAIL_NO_PT
CSEG_03,121128.757529,1.142414,652.500000,0.452982,24077.216171,324490.259050,264.333329,283470.203778,2.673522,652.500000,0.428173,108,490.873852,7.930000,7.370000,280.000000,106028.752032,40.877271,177,FAIL_NO_PT
CSEG_04,123924.632445,1.168783,652.500000,0.451782,23456.998036,316550.930421,259.166655,285410.204107,2.691819,652.500000,0.427372,108,490.873852,7.775000,7.212500,282.500000,106028.752032,41.016909,178,FAIL_NO_PT
CSEG_05,124396.588540,1.319889,652.500000,0.451382,22845.436109,308566.695551,253.999989,285115.913132,3.025174,652.500000,0.427372,96,490.873852,7.620000,7.050000,287.500000,94247.779584,43.482567,178,FAIL_NO_PT
CSEG_06,124552.402209,1.321542,652.500000,0.451382,22261.695463,300845.380509,248.333330,285028.405824,3.024245,652.500000,0.427372,96,490.873852,7.450000,6.867500,295.000000,94247.779584,43.475894,178,FAIL_NO_PT
CSEG_07,122464.749677,1.299391,652.500000,0.451782,21654.818501,292770.223461,242.999995,282368.849273,2.996027,652.500000,0.427773,96,490.873852,7.290000,6.692500,302.500000,94247.779584,43.272585,176,FAIL_NO_PT
CSEG_08,120625.562343,1.279877,652.500000,0.452182,21047.890965,284654.014487,237.999989,279632.616339,2.966994,652.500000,0.427773,96,490.873852,7.140000,6.530000,307.500000,94247.779584,43.062413,174,FAIL_NO_PT
CSEG_09,120909.836307,1.282893,652.500000,0.452182,20443.938395,276501.087160,232.666661,279089.999028,2.961237,652.500000,0.427773,96,490.873852,6.980000,6.360000,312.500000,94247.779584,43.020612,174,FAIL_NO_PT
CSEG_10,120306.760263,1.276494,652.500000,0.452182,19843.824403,268314.975631,227.333326,277666.351367,2.946131,652.500000,0.427773,96,490.873852,6.820000,6.187500,320.000000,94247.779584,42.910747,173,FAIL_NO_PT
CSEG_11,119390.457300,1.266772,652.500000,0.452182,19268.968979,260419.359424,221.999988,276112.330932,2.929643,652.500000,0.427773,96,490.873852,6.660000,6.012500,327.500000,94247.779584,42.790499,172,FAIL_NO_PT
CSEG_12,119155.827474,1.348568,652.550000,0.452182,18660.517910,252215.526664,216.666658,274953.219326,3.111834,652.550000,0.427773,90,490.873852,6.500000,5.840000,332.500000,88357.293360,44.100977,171,FAIL_NO_PT
CSEG_13,119952.086060,1.357580,652.600000,0.451382,18046.910608,244006.623913,211.333329,274703.745293,3.109010,652.600000,0.427372,90,490.873852,6.340000,5.670000,337.500000,88357.293360,44.080965,171,FAIL_NO_PT
CSEG_14,120048.551416,1.358672,652.600000,0.450981,17465.320412,235824.915703,205.999994,273782.775172,3.098587,652.600000,0.426972,90,490.873852,6.180000,5.497500,345.000000,88357.293360,44.007011,171,FAIL_NO_PT
CSEG_15,119610.029667,1.353709,652.700000,0.450981,16879.926686,227724.483755,200.666660,272379.795180,3.082709,652.700000,0.426972,90,490.873852,6.020000,5.322500,352.500000,88357.293360,43.894110,170,FAIL_NO_PT
CSEG_16,120949.137601,1.466640,652.750000,0.450181,16347.341302,220073.361737,195.333330,272923.161643,3.309491,652.750000,0.426572,84,490.873852,5.860000,5.150000,357.500000,82466.807136,45.480017,170,FAIL_NO_PT
CSEG_17,118783.135702,1.440375,652.750000,0.450581,15783.739052,212180.419309,191.333325,268651.971091,3.257698,652.750000,0.426972,84,490.873852,5.740000,5.022500,360.000000,82466.807136,45.122737,168,FAIL_NO_PT
CSEG_18,108799.139984,1.319308,652.200000,0.452982,15301.790238,204414.616958,189.999987,254529.745567,3.086451,652.200000,0.428173,84,490.873852,5.700000,4.980000,360.000000,82466.807136,43.920744,159,FAIL_NO_PT
CSEG_19,94858.125927,1.150258,652.150000,0.456984,14730.516177,196715.684304,189.999987,235475.865490,2.855402,652.150000,0.430574,84,490.873852,5.700000,4.980000,360.000000,82466.807136,42.244835,147,FAIL_NO_PT
CSEG_20,86993.323669,1.054889,652.150000,0.458584,14179.761048,188984.063659,189.999987,221995.103992,2.691933,652.150000,0.431374,84,490.873852,5.700000,5.000000,340.000000,82466.807136,41.017777,139,FAIL_NO_PT
CSEG_21,85954.900992,1.152012,652.150000,0.457384,13670.963783,181516.285037,189.999987,215036.653523,2.882033,652.150000,0.430574,76,490.873852,5.700000,5.040000,320.000000,74612.825504,42.441381,134,FAIL_NO_PT
CSEG_22,78197.914447,1.048049,652.150000,0.458984,13163.497429,173716.117531,189.999987,201672.986641,2.702927,652.150000,0.431774,76,490.873852,5.700000,5.060000,320.000000,74612.825504,41.101449,126,FAIL_NO_PT
CSEG_23,64030.182195,0.858166,652.150000,0.464186,12663.222042,165882.796024,189.999987,182412.137108,2.444783,652.150000,0.434575,76,490.873852,5.700000,5.060000,320.000000,74612.825504,39.089501,114,FAIL_NO_PT
CSEG_24,49698.957233,0.666091,652.150000,0.470189,12162.894018,158017.189419,189.999987,163024.039721,2.184933,652.150000,0.437776,76,490.873852,5.700000,5.060000,320.000000,74612.825504,36.953799,102,FAIL_NO_PT
CSEG_25,45106.347884,0.604539,652.150000,0.471389,11673.465704,150120.816930,189.999987,152586.423358,2.045043,652.150000,0.438577,76,490.873852,5.700000,5.090000,290.000000,74612.825504,35.751248,95,FAIL_NO_PT
CSEG_26,51182.563800,0.685975,652.150000,0.466187,11232.979926,142501.439087,189.999987,152239.190172,2.040389,652.150000,0.435776,76,490.873852,5.700000,5.150000,260.000000,74612.825504,35.710547,95,FAIL_NO_PT
CSEG_27,46924.762785,0.628910,652.150000,0.466987,10806.378277,134551.249774,189.999987,142167.741747,1.905406,652.150000,0.436176,76,490.873852,5.700000,5.180000,260.000000,74612.825504,34.509113,89,FAIL_NO_PT
CSEG_28,32510.590124,0.435724,652.150000,0.474990,10390.849727,126576.833889,189.999987,122736.208767,1.644975,652.150000,0.440577,76,490.873852,5.700000,5.180000,260.000000,74612.825504,32.064142,77,FAIL_NO_PT
CSEG_29,0.000000,0.000000,100.000000,0.079240,9918.660678,29686.166677,189.999987,73038.035887,0.978894,652.150000,0.459785,76,490.873852,5.700000,5.086000,354.000000,74612.825504,24.734766,46,PASS_NO_PT
CSEG_30,0.000000,0.000000,100.000000,0.061633,9389.799107,26844.794135,185.833321,15994.468115,0.214366,652.150000,0.490196,76,490.873852,5.575000,4.807000,414.000000,74612.825504,11.574924,10,PASS_NO_PT
CSEG_31,0.000000,0.000000,100.000000,0.056031,8886.502199,24457.278793,173.666656,0.000000,0.000000,100.000000,0.078840,76,490.873852,5.210000,4.296000,500.000000,74612.825504,0.000000,0,PASS_NO_PT
