archive	member	bytes	compressed_bytes	crc32	sha256	extension	magic_hex
archive/local-assets-20261004/era5-raw-2005-2014/part-001.zip	background_stderr.log	53267	5540	f6d7cdb6	ae9625d6d99c4dfee90a3c0678d73792cacc3da00c3524ced83b6f529a679074	.log	323032362d30382d30362031373a3538
archive/local-assets-20261004/era5-raw-2005-2014/part-001.zip	background_stdout.log	0	2	00000000	e3b0c44298fc1c149afbf4c8996fb92427ae41e4649b934ca495991b7852b855	.log	
archive/local-assets-20261004/era5-raw-2005-2014/part-001.zip	ERA5_download.log	45450	5064	843c8e99	f5f316bd9ebef56fd14fd88e2ccb1551417baf83d0a6cbbcb5ffea823d5dcd09	.log	323032362d30382d30362031373a3538
archive/local-assets-20261004/era5-raw-2005-2014/part-001.zip	ERA5_status.json	11082	856	b4935350	174e48798c7b85ff9cc28709dfc90a99e15878499d680045908a2b9a4afb22df	.json	7b0d0a20202264617461736574223a20
archive/local-assets-20261004/era5-raw-2005-2014/part-001.zip	retry_2008Q1_stderr.log	2840	553	f1bb6a14	f6a3b226dff6ff00c1d698fde24ae78866c73a3d179334688f5e0676a886a67d	.log	323032362d30382d30382031373a3037
archive/local-assets-20261004/era5-raw-2005-2014/part-001.zip	quarterly/ERA5_Jiayu_7vars_2005_Q1.zip	941590	595297	a68cc46d	5c27f95d4e3a28c6b1a3e0e4e31f36d6d96e7ae61f1ebc850efcdfca532bd498	.zip	504b03041400000008007cb2075d78be
archive/local-assets-20261004/era5-raw-2005-2014/part-001.zip	quarterly/ERA5_Jiayu_7vars_2005_Q2.zip	955009	608325	7518e262	d7bff7725b601b024ff666086e984627d2f44e9ce5cfa1947936ae017600834c	.zip	504b030414000000080048ad075db272
archive/local-assets-20261004/era5-raw-2005-2014/part-001.zip	quarterly/ERA5_Jiayu_7vars_2005_Q3.zip	951480	604231	ce068efb	61673faa0105a44681ce6d94fb36ceb7bfec143708ba8ece53b86c8f738d6771	.zip	504b03041400000008001ca8075de5a1
archive/local-assets-20261004/era5-raw-2005-2014/part-001.zip	quarterly/ERA5_Jiayu_7vars_2005_Q4.zip	954643	606993	711155d0	8b26ba6806977a9469172f96b92783537dd9885a1558b55ca3561e259d01fc60	.zip	504b0304140000000800eba0075d236d
archive/local-assets-20261004/era5-raw-2005-2014/part-001.zip	quarterly/ERA5_Jiayu_7vars_2006_Q1.zip	945255	599082	a3d69a28	5a17c44fc190882fea3b0dc55c1dc8b9c54e107455231014c51b7ce63cdf6cd3	.zip	504b0304140000000800da99075d7654
archive/local-assets-20261004/era5-raw-2005-2014/part-001.zip	quarterly/ERA5_Jiayu_7vars_2006_Q2.zip	954703	607971	769f1696	9940117ed0e081bdca3587fb051548451ca54a60674a09f45444c69b262dff5f	.zip	504b03041400000008008494075d40f6
archive/local-assets-20261004/era5-raw-2005-2014/part-001.zip	quarterly/ERA5_Jiayu_7vars_2006_Q3.zip	952911	605437	b08a71c3	cedcecaba7e9d2b81ac64e50daa209322a969421e9b37ce3752231cc7857a0cd	.zip	504b0304140000000800c98e075d7e55
archive/local-assets-20261004/era5-raw-2005-2014/part-001.zip	quarterly/ERA5_Jiayu_7vars_2006_Q4.zip	955662	608113	b96c9b9b	7d6c599fd975ffebee36666a5adb3ab3084c37edf7e84d1dadb03992c4d5e3c3	.zip	504b0304140000000800cf88075d6587
archive/local-assets-20261004/era5-raw-2005-2014/part-001.zip	quarterly/ERA5_Jiayu_7vars_2007_Q1.zip	946209	600073	f3ceab9e	224b3c4c4d0c0308f0c8f6d4701d4d5f212b8525390c18df84b2afbee6f93243	.zip	504b0304140000000800e380075dff0a
archive/local-assets-20261004/era5-raw-2005-2014/part-002.zip	quarterly/ERA5_Jiayu_7vars_2007_Q2.zip	953651	608548	6bc4a03e	5acdefedf847ded4ed091538b14aa59e618cc8f8414dea7e01b9045db8b31054	.zip	504b03041400000008007d78075d666c
archive/local-assets-20261004/era5-raw-2005-2014/part-002.zip	quarterly/ERA5_Jiayu_7vars_2007_Q3.zip	956119	609947	c0498d9b	770c4c2bca8e9c9c4b65b40efee93dea9e99be3e90a5b72e776811e83ec9e21f	.zip	504b0304140000000800af6e075de8db
archive/local-assets-20261004/era5-raw-2005-2014/part-002.zip	quarterly/ERA5_Jiayu_7vars_2007_Q4.zip	952408	605867	a6435592	ea89ef36820c081c778dd35f02f05604abd6fddf104eb88ebc49a878fc0a571f	.zip	504b03041400000008000665075dc60f
archive/local-assets-20261004/era5-raw-2005-2014/part-002.zip	quarterly/ERA5_Jiayu_7vars_2008_Q1.zip	950466	605507	17a2666f	e3446873af8057bc2c5c1922ac5da891f13833b7f3f6559abc883f2d3e9c4bbd	.zip	504b0304140000000800965b075d0d83
archive/local-assets-20261004/era5-raw-2005-2014/part-002.zip	quarterly/ERA5_Jiayu_7vars_2008_Q2.zip	954421	609478	d1c0ceaf	af3d0a1fcf28cee4c43d99d4e9981620f9d851b7b52a7633a9a6a57a4079e588	.zip	504b03041400000008004c51075dbab4
archive/local-assets-20261004/era5-raw-2005-2014/part-002.zip	quarterly/ERA5_Jiayu_7vars_2008_Q3.zip	958992	612913	d5260b2d	95bb902c734934fa7429c68ff59d0c96294d350e1c9b0b7baee57b226fed662d	.zip	504b0304140000000800a943075d7c48
archive/local-assets-20261004/era5-raw-2005-2014/part-002.zip	quarterly/ERA5_Jiayu_7vars_2008_Q4.zip	954513	608248	caaa8e0d	67e8e9529ed64ddef2267ba239ca66e337d8080e6efe4e02111623d872344752	.zip	504b0304140000000800f53c075d1452
archive/local-assets-20261004/era5-raw-2005-2014/part-002.zip	quarterly/ERA5_Jiayu_7vars_2009_Q1.zip	945098	601163	45dee5f9	b89e30ef3b9da59b72e88f72432c062ee1c4055a20e34a0b381384447540d36c	.zip	504b0304140000000800143a075dcda9
archive/local-assets-20261004/era5-raw-2005-2014/part-002.zip	quarterly/ERA5_Jiayu_7vars_2009_Q2.zip	955450	610601	231e5452	6cb12858ec68e6bca1cf2780744813f93c0777df1d9f5efffa9214e9cf7205d6	.zip	504b0304140000000800fa36075d064e
archive/local-assets-20261004/era5-raw-2005-2014/part-003.zip	quarterly/ERA5_Jiayu_7vars_2009_Q3.zip	952999	606406	549486a3	7bba2175c447789736feab2aaba6c9c865a76e7fd715662062ece537b30047c7	.zip	504b03041400000008005b34075d655f
archive/local-assets-20261004/era5-raw-2005-2014/part-003.zip	quarterly/ERA5_Jiayu_7vars_2009_Q4.zip	956961	610928	89ab2a04	dadf15b86c4f8e088eac285aee9cf4555e76446e300a7f000ff10c70dc91c78a	.zip	504b0304140000000800a932075ddbc4
archive/local-assets-20261004/era5-raw-2005-2014/part-003.zip	quarterly/ERA5_Jiayu_7vars_2010_Q1.zip	944265	600207	eefd1929	c35cf2ea6a1832fc0c6ffe77cae070f5626ad4aa0e62baf4cb125513c7a6ebf1	.zip	504b0304140000000800c42e075dfda0
archive/local-assets-20261004/era5-raw-2005-2014/part-003.zip	quarterly/ERA5_Jiayu_7vars_2010_Q2.zip	953951	608976	c329c059	29b4216e02cddb94cf3ed35b98e76f75d3fcf2b1e3c4350704f3beb7c39f1f0b	.zip	504b0304140000000800972b075d9d89
archive/local-assets-20261004/era5-raw-2005-2014/part-003.zip	quarterly/ERA5_Jiayu_7vars_2010_Q3.zip	953983	607509	4867338d	ced3c5ee1e09356e805b2f1e9bde6d5a65ab4a0afe5c4c6aa8f8723d66ba489f	.zip	504b03041400000008004e26075db062
archive/local-assets-20261004/era5-raw-2005-2014/part-003.zip	quarterly/ERA5_Jiayu_7vars_2010_Q4.zip	957113	611103	6aae4e2f	9b1903609c7f42882eef7316c0bb506029f9e2d4f6e43cbb16833697ce065362	.zip	504b0304140000000800ea1d075d1319
archive/local-assets-20261004/era5-raw-2005-2014/part-003.zip	quarterly/ERA5_Jiayu_7vars_2011_Q1.zip	943734	599619	80dcaa5b	99ffd228adf4403996f776453398d936f9619b4cd104cd2a3b8c3c7f463670ad	.zip	504b03041400000008001715075d85f5
archive/local-assets-20261004/era5-raw-2005-2014/part-003.zip	quarterly/ERA5_Jiayu_7vars_2011_Q2.zip	955738	610913	a7026839	983dab60450ca2112ed7b6e55378b4030323147f083a71f5099a24598273ae3f	.zip	504b03041400000008003d0b075d8f8e
archive/local-assets-20261004/era5-raw-2005-2014/part-003.zip	quarterly/ERA5_Jiayu_7vars_2011_Q3.zip	953218	606751	e64a02e7	58b89ca0543c93a88f2316574fcd630a612b0cd315b92e6e1c243a43c6569d8a	.zip	504b03041400000008005602075d1a42
archive/local-assets-20261004/era5-raw-2005-2014/part-004.zip	quarterly/ERA5_Jiayu_7vars_2011_Q4.zip	954978	608756	dddce25d	22b710a34b4aacfb91620a7f21c94a97fd987f156b869a642cdefdc82b00f372	.zip	504b030414000000080093b9065dc3a5
archive/local-assets-20261004/era5-raw-2005-2014/part-004.zip	quarterly/ERA5_Jiayu_7vars_2012_Q1.zip	946183	601188	8740d15a	fd3833532725ebcd8894cf83fdefb8a2e60fe47153761715252eb94a1e2fd4b6	.zip	504b030414000000080045b0065d136f
archive/local-assets-20261004/era5-raw-2005-2014/part-004.zip	quarterly/ERA5_Jiayu_7vars_2012_Q2.zip	952583	607359	598ae491	e17e6f881e0232a41c72c8d575d9c1b966a43bfaff2345c2212770406e79d071	.zip	504b0304140000000800f9a5065d771c
archive/local-assets-20261004/era5-raw-2005-2014/part-004.zip	quarterly/ERA5_Jiayu_7vars_2012_Q3.zip	955323	609001	44d0361b	c6b9a7a690c4f37a3dae80c4d3bcd3c501a4ae3643d9d776813552e725fa830b	.zip	504b0304140000000800759e065d08fd
archive/local-assets-20261004/era5-raw-2005-2014/part-004.zip	quarterly/ERA5_Jiayu_7vars_2012_Q4.zip	958605	612445	da1429ce	504534ddfd1b99ed6425e55010e7606ae1771c79d98c8c705e43547eb5ec02c0	.zip	504b0304140000000800c796065d17e0
archive/local-assets-20261004/era5-raw-2005-2014/part-004.zip	quarterly/ERA5_Jiayu_7vars_2013_Q1.zip	945864	602442	c9228aa4	4332875fa527a487324fdb6a6b65afa0bb7aca5d0dfc55cd30d71e499c71eef9	.zip	504b03041400000008007b91065df250
archive/local-assets-20261004/era5-raw-2005-2014/part-004.zip	quarterly/ERA5_Jiayu_7vars_2013_Q2.zip	953971	609004	a872f05f	83161aa5aeca54f4d64207382c85195ede17213c4f3d4e9abb0aba9896fa1ace	.zip	504b03041400000008000089065da95f
archive/local-assets-20261004/era5-raw-2005-2014/part-004.zip	quarterly/ERA5_Jiayu_7vars_2013_Q3.zip	951828	605753	48ba9cc2	75a0b3c5b9d88625771d5a20175f0e54540e9302ee1843418ccf261195997b36	.zip	504b03041400000008006e7e065df6c4
archive/local-assets-20261004/era5-raw-2005-2014/part-004.zip	quarterly/ERA5_Jiayu_7vars_2013_Q4.zip	955113	608944	df9161a4	6651d13d2745f64c73cf3f125cbe82debad9f015b530920609c6258653285ecb	.zip	504b0304140000000800b269065d27f8
archive/local-assets-20261004/era5-raw-2005-2014/part-005.zip	quarterly/ERA5_Jiayu_7vars_2014_Q1.zip	946015	602420	b45d5e1a	0096ecd42561af71106a1b2fdfe085f9272e55c0eca7e5f4af1af3683278adee	.zip	504b03041400000008003263065d2eac
archive/local-assets-20261004/era5-raw-2005-2014/part-005.zip	quarterly/ERA5_Jiayu_7vars_2014_Q2.zip	953975	608949	cf40cfd8	6a3d2d73fe38e59c0378419246179b14d22dda4316f201ad1dd35a0348efb571	.zip	504b0304140000000800725d065d948f
archive/local-assets-20261004/era5-raw-2005-2014/part-005.zip	quarterly/ERA5_Jiayu_7vars_2014_Q3.zip	958775	612688	4b2914c6	e32ba503b493a1c25211720bae46fd9953d2d065013641f81dde9e96c5133ca3	.zip	504b03041400000008006b56065d8b9c
archive/local-assets-20261004/era5-raw-2005-2014/part-005.zip	quarterly/ERA5_Jiayu_7vars_2014_Q4.zip	956415	610306	7955752b	b41feaac0d6d40406a5e22fbd092be0942c9d1ed1a81ed9c4b1279009a02190d	.zip	504b0304140000000800c151065db43e
archive/local-assets-20261004/era5-raw-2015-2025/part-001.zip	background_stdout.log	23679	4067	2fc5ffce	2c65fe65c2536280e951686b5577d6af3f99ecdc3d89e9f0ece71cfe3d26626d	.log	323032362d30382d30352030393a3234
archive/local-assets-20261004/era5-raw-2015-2025/part-001.zip	ERA5_status.json	14997	1142	f6cdc012	be3fd7dacad1ce88bef9d0dd9c3bfdf3c9809c2f5d18afb692fb1b04b51a6f59	.json	7b0d0a20202264617461736574223a20
archive/local-assets-20261004/era5-raw-2015-2025/part-001.zip	quarterly/ERA5_Jiayu_7vars_2015_Q1.zip	943853	597379	d4471235	2fd3418542135cfd8aa7f89b1bef1970addf7e32c1cf7735892f375be33fe9f3	.zip	504b0304140000000800800d055d85b5
archive/local-assets-20261004/era5-raw-2015-2025/part-001.zip	quarterly/ERA5_Jiayu_7vars_2015_Q2.zip	955973	609241	10bd25ae	af6b685a3f09341c1e9dd4a37d748647e890be0af534a5ce3c5c0a56260aa012	.zip	504b03041400000008004110055da876
archive/local-assets-20261004/era5-raw-2015-2025/part-001.zip	quarterly/ERA5_Jiayu_7vars_2015_Q3.zip	953264	605483	1f6f273a	e66b6e18566b6edb0cae0ea5c7d8e542e59c10e8dc32318a83af6ecc04c25139	.zip	504b0304140000000800fc12055d69b8
archive/local-assets-20261004/era5-raw-2015-2025/part-001.zip	quarterly/ERA5_Jiayu_7vars_2015_Q4.zip	953767	606001	1f3d3ef4	10a0384ee304fd4b7499a06be926cce0d6144b3d24a17c80b305b3c2502f15ab	.zip	504b03041400000008008015055dbfb2
archive/local-assets-20261004/era5-raw-2015-2025/part-001.zip	quarterly/ERA5_Jiayu_7vars_2016_Q1.zip	951172	604297	49ba99e4	a53bb20ff4acce5e138b4467683f886312a1fe779d0c0f7ec806fc11db47519c	.zip	504b03041400000008000e18055ddfd4
archive/local-assets-20261004/era5-raw-2015-2025/part-001.zip	quarterly/ERA5_Jiayu_7vars_2016_Q2.zip	955964	609288	f7ff5da3	29ea4ce09b68e44cce7b5251ddc69e4054ec52eaf42b8858fa005a75c23aefb7	.zip	504b0304140000000800321a055dcbd3
archive/local-assets-20261004/era5-raw-2015-2025/part-001.zip	quarterly/ERA5_Jiayu_7vars_2016_Q3.zip	955224	607611	066226f1	1244ae4365c3613946d7637300b8d1c9b85a1dcb91777634c1ac3612537bde72	.zip	504b0304140000000800481c055d0f88
archive/local-assets-20261004/era5-raw-2015-2025/part-001.zip	quarterly/ERA5_Jiayu_7vars_2016_Q4.zip	954265	606495	dd893b62	276a90b1fce82148df8cf2f414c498de3c984ae38f7f89e20a960e2c351bedee	.zip	504b0304140000000800471e055d242c
archive/local-assets-20261004/era5-raw-2015-2025/part-001.zip	quarterly/ERA5_Jiayu_7vars_2017_Q1.zip	943760	597359	47699189	be1448be70c15c0735a19b3217e428928d9d388173a4e46203926a86abc5fd70	.zip	504b0304140000000800e120055d4a09
archive/local-assets-20261004/era5-raw-2015-2025/part-002.zip	quarterly/ERA5_Jiayu_7vars_2017_Q2.zip	956324	611450	39d4f53a	58fa5fd9aaa540922d0c970526732eb6bb3be669f13ab1527ac2baf0f506bf17	.zip	504b0304140000000800f622055da90f
archive/local-assets-20261004/era5-raw-2015-2025/part-002.zip	quarterly/ERA5_Jiayu_7vars_2017_Q3.zip	959542	613377	a19b269b	9a92cbd8e41cfba7f23db37d8e6ae962c297d9238c7074a998f5e95e8de36414	.zip	504b03041400000008002e25055d1e31
archive/local-assets-20261004/era5-raw-2015-2025/part-002.zip	quarterly/ERA5_Jiayu_7vars_2017_Q4.zip	953001	606385	83b64255	933c3fe1d4687fd16ccfc6d7ab743a6b7d8184ac9b871875970165d57b45125c	.zip	504b03041400000008000428055de174
archive/local-assets-20261004/era5-raw-2015-2025/part-002.zip	quarterly/ERA5_Jiayu_7vars_2018_Q1.zip	945687	601925	c141369f	41bb9988c2d022fa19a06ab2f0c830d9ebe068656b2308fd39499afc974ad0cd	.zip	504b0304140000000800392a055d3afe
archive/local-assets-20261004/era5-raw-2015-2025/part-002.zip	quarterly/ERA5_Jiayu_7vars_2018_Q2.zip	953369	608337	3e062ab9	53f697f5c38a11f531056c68cc1e3cce3a0fd599916b667b411816b63ca97c4d	.zip	504b03041400000008004d2c055d3471
archive/local-assets-20261004/era5-raw-2015-2025/part-002.zip	quarterly/ERA5_Jiayu_7vars_2018_Q3.zip	958710	612591	bbc8c028	42d5860488766bc6560aad7013462c731c6c65dbf59114b97db2c4861e888e29	.zip	504b0304140000000800d22e055d3361
archive/local-assets-20261004/era5-raw-2015-2025/part-002.zip	quarterly/ERA5_Jiayu_7vars_2018_Q4.zip	954791	608532	b67506b8	eead8cba962ceda969e81453c6a968b3fa8f890b3eb52ba74071be470fc68f02	.zip	504b03041400000008006d33055d270a
archive/local-assets-20261004/era5-raw-2015-2025/part-002.zip	quarterly/ERA5_Jiayu_7vars_2019_Q1.zip	940465	596371	9bfcbfeb	96c598a6c2ea986d7179bcf9866149a6db15e7f1c3641c5e095e809c4ebe29df	.zip	504b03041400000008005339055d249b
archive/local-assets-20261004/era5-raw-2015-2025/part-002.zip	quarterly/ERA5_Jiayu_7vars_2019_Q2.zip	956152	611227	6425d4d2	e7346cbca525a7f8464ee907cc4545282d095468725582e33d02795f0d08dbc4	.zip	504b0304140000000800bb41055dca9a
archive/local-assets-20261004/era5-raw-2015-2025/part-003.zip	quarterly/ERA5_Jiayu_7vars_2019_Q3.zip	956144	609996	092215db	6bad86d94161246dfa0222ad6b7447e71dbf99f7e2060c6100b7f86bff47fc4e	.zip	504b03041400000008008354055dcc67
archive/local-assets-20261004/era5-raw-2015-2025/part-003.zip	quarterly/ERA5_Jiayu_7vars_2019_Q4.zip	957683	611617	7ebdc70a	ea2ac1d822ce1ebf1405024342896fbc0f3c878f77808375018bc631f3203ae4	.zip	504b03041400000008006961055d3be3
archive/local-assets-20261004/era5-raw-2015-2025/part-003.zip	quarterly/ERA5_Jiayu_7vars_2020_Q1.zip	952618	607427	d556ce7d	4d87c1df8030ce52dfd0a50a968db0008e085ffc2f4061ead3e255a3d79e1424	.zip	504b0304140000000800f56c045d95dd
archive/local-assets-20261004/era5-raw-2015-2025/part-003.zip	quarterly/ERA5_Jiayu_7vars_2020_Q2.zip	953773	608633	37904e57	7a2d251ccf20fce9dda3ac89d0f7af399e566cb962b018cb0a4dc506dbd6d08b	.zip	504b03041400000008006f72055d5038
archive/local-assets-20261004/era5-raw-2015-2025/part-003.zip	quarterly/ERA5_Jiayu_7vars_2020_Q3.zip	960772	614553	05590cf3	dfdf2bbfb49f0ea736a4e1d163430e0cd6bd59e81c028b7a1317c3ad73211b58	.zip	504b03041400000008000779055dea4a
archive/local-assets-20261004/era5-raw-2015-2025/part-003.zip	quarterly/ERA5_Jiayu_7vars_2020_Q4.zip	952240	605552	15c927b8	23c251e726762f336931ef694baef7f94ad1e379dd9ce8ca5fcc6c556c3670f6	.zip	504b0304140000000800697f055da729
archive/local-assets-20261004/era5-raw-2015-2025/part-003.zip	quarterly/ERA5_Jiayu_7vars_2021_Q1.zip	943767	599598	76679eb0	2658b71d7d78bba9c6696669943182993cb23abc57bb0d56a286f549a56a4935	.zip	504b03041400000008006b86055d827a
archive/local-assets-20261004/era5-raw-2015-2025/part-003.zip	quarterly/ERA5_Jiayu_7vars_2021_Q2.zip	954758	609784	35cf90e7	c6bd601d6ad4c01e000282bd8a068179aa4bd12be57f2ad669084d4b3c16b916	.zip	504b03041400000008007691055db988
archive/local-assets-20261004/era5-raw-2015-2025/part-003.zip	quarterly/ERA5_Jiayu_7vars_2021_Q3.zip	957332	611269	4c07e452	9fd1c95e9184066d63d2d1b79a51fe0aced8179f5a386abd58dabdc99cddfcbf	.zip	504b03041400000008009c9c055dc1d1
archive/local-assets-20261004/era5-raw-2015-2025/part-004.zip	quarterly/ERA5_Jiayu_7vars_2021_Q4.zip	955525	609425	29596ab5	0157dce72df7f6da9981740ca51b4d4f321c0cd3eab2a1a1b20a83b0ef8f6c0a	.zip	504b0304140000000800f2b4055d16e0
archive/local-assets-20261004/era5-raw-2015-2025/part-004.zip	quarterly/ERA5_Jiayu_7vars_2022_Q1.zip	942707	598619	7dfbacbd	4ca590568c89f9b62c69583cd96f42beba394bc8eba1ea154390b1a80f3ab556	.zip	504b03041400000008002704065de592
archive/local-assets-20261004/era5-raw-2015-2025/part-004.zip	quarterly/ERA5_Jiayu_7vars_2022_Q2.zip	951586	606218	e33c55ea	0268aaac5c25f9283a502d74c9e0a6491ea03459fd3263ce6475cbeb4c95c674	.zip	504b03041400000008005c12065d5653
archive/local-assets-20261004/era5-raw-2015-2025/part-004.zip	quarterly/ERA5_Jiayu_7vars_2022_Q3.zip	956170	609988	b260195e	c966a06a99f750cae2e2bfb1a6a0b63f7758d3da679c3c99f8351fe894feea69	.zip	504b0304140000000800cc1a065db53f
archive/local-assets-20261004/era5-raw-2015-2025/part-004.zip	quarterly/ERA5_Jiayu_7vars_2022_Q4.zip	956544	610406	4d64ef11	8ae53cf07114f4cde2c77a03e9ef288fa527cd50224e51e3cb7262852c718905	.zip	504b0304140000000800051f065d2be1
archive/local-assets-20261004/era5-raw-2015-2025/part-004.zip	quarterly/ERA5_Jiayu_7vars_2023_Q1.zip	947236	603955	3435e0d6	86122438f33dcc1e6afc67748cb865ebcecbc87e6524a6bc7ffe2980ede6414e	.zip	504b0304140000000800a522065d6114
archive/local-assets-20261004/era5-raw-2015-2025/part-004.zip	quarterly/ERA5_Jiayu_7vars_2023_Q2.zip	955915	610983	d21650bd	a1a5e1869015dfac6d642fd897c881edc584a4bba1567e869542341c7efe0dad	.zip	504b0304140000000800fd24065da08c
archive/local-assets-20261004/era5-raw-2015-2025/part-004.zip	quarterly/ERA5_Jiayu_7vars_2023_Q3.zip	956492	610407	5b43bbee	e3ddb1f212ff153307579d102494b8d64e0ad7f731507f21f543ac9cc5d2d41e	.zip	504b03041400000008000027065d5568
archive/local-assets-20261004/era5-raw-2015-2025/part-004.zip	quarterly/ERA5_Jiayu_7vars_2023_Q4.zip	957512	611485	40685ae3	a5b17fc61ecf5e5de994b9f340260b74388f33a09acd50515abf1ae155cbe07e	.zip	504b03041400000008009629065d1bc3
archive/local-assets-20261004/era5-raw-2015-2025/part-005.zip	quarterly/ERA5_Jiayu_7vars_2024_Q1.zip	954494	609525	ab235b66	3b095cb7f79291d393d6f7d59f1e92ff7569558f2e31dd83ecd9d5ac3aad3c68	.zip	504b0304140000000800a565045d6a2d
archive/local-assets-20261004/era5-raw-2015-2025/part-005.zip	quarterly/ERA5_Jiayu_7vars_2024_Q2.zip	956157	611241	dc445c17	d60bbfa317c91faeeb44ca02cf23eca0a85142d78df4f10f7ec5cc807ac6b5bc	.zip	504b03041400000008003b2c065d5bd3
archive/local-assets-20261004/era5-raw-2015-2025/part-005.zip	quarterly/ERA5_Jiayu_7vars_2024_Q3.zip	957636	611554	b7d6166c	cdff5cc309522eca7feda8aab55d79ed89e7fbfc1f191de7920c900f2ca29f91	.zip	504b0304140000000800272e065d474e
archive/local-assets-20261004/era5-raw-2015-2025/part-005.zip	quarterly/ERA5_Jiayu_7vars_2024_Q4.zip	953567	607089	af81ac97	2fe242a8456dfb271243ea1d12ddaf83fe96b7c7d47eb4062754cef0f2d41a69	.zip	504b0304140000000800f330065d4fc4
archive/local-assets-20261004/era5-raw-2015-2025/part-005.zip	quarterly/ERA5_Jiayu_7vars_2025_Q1.zip	943734	599868	9a555867	c3dd51691b4a8e0eb72ad59818a6ac151ac69c9e0dbb83e1be8cb8b201cab6fb	.zip	504b0304140000000800c532065d45c2
archive/local-assets-20261004/era5-raw-2015-2025/part-005.zip	quarterly/ERA5_Jiayu_7vars_2025_Q2.zip	958418	613380	67045f8f	b33cbd068129b4b768bda9469ae97ed522cec7dd73d3f725e89fcce4f7b920e9	.zip	504b03041400000008004735065d7e18
archive/local-assets-20261004/era5-raw-2015-2025/part-005.zip	quarterly/ERA5_Jiayu_7vars_2025_Q3.zip	963160	616433	8174393f	f8afb419cb8b59305a1eab08268b9757c23b35001191a2c022b89035e5e1a064	.zip	504b03041400000008003238065d41a1
archive/local-assets-20261004/era5-raw-2015-2025/part-005.zip	quarterly/ERA5_Jiayu_7vars_2025_Q4.zip	956378	610309	39d1a79f	47a834216d0bb5294709e2262bc59f506fe94bc3c71350be7c764c24a5b0c768	.zip	504b0304140000000800493b065dd166
