segment,combo,gage_z_m,Ncomp_max_kN,Ncomp_min_kN,Mmax_kNm,Vmax_kN,Tmax_kNm,G_Fz_kN,G_Mx_kNm,G_My_kNm
CSEG_01,G1p35_Q1p40,1.7633929135903914,34390.34500055683,33878.31142850747,476632.19512249087,2994.4403149645887,36112.07789945302,-25192.602388144347,0.0,-5793.573173694369
CSEG_01,G1p00_Q1p40,1.7633929135903914,25572.934164706305,25060.90059265694,478658.06953074347,2994.4403149645887,36112.07789945302,-25192.602388144347,0.0,-5793.573173694369
CSEG_02,G1p35_Q1p40,5.431247577572881,33522.14702538122,33010.03957932364,465630.0926905849,3007.042930535795,36108.217492041775,-24549.807646600373,0.0,-5793.573173694369
CSEG_02,G1p00_Q1p40,5.431247577572881,24929.71434907109,24417.60690301351,467655.92178962706,3007.042930535795,36108.217492041775,-24549.807646600373,0.0,-5793.573173694369
CSEG_03,G1p35_Q1p40,9.0991020729654,32670.536924553802,32158.393973013193,454575.7583866271,3022.574006173047,36105.02833641035,-23919.43441976643,0.0,-5793.573173694369
CSEG_03,G1p00_Q1p40,9.0991020729654,24298.73487763555,23786.59192609494,456601.5384455921,3022.574006173047,36105.02833641035,-23919.43441976643,0.0,-5793.573173694369
CSEG_04,G1p35_Q1p40,12.766955556818107,31834.183775011366,31321.977913463612,443460.69072543946,3039.7732668604986,36102.370186926564,-23300.47451265276,0.0,-5793.573173694369
CSEG_04,G1p00_Q1p40,12.766955556818107,23679.017695582897,23166.811834035143,445486.41825535044,3039.7732668604986,36102.370186926564,-23300.47451265276,0.0,-5793.573173694369
CSEG_05,G1p35_Q1p40,16.434808366310936,31009.562628525935,30497.282930533358,432282.75375711784,3057.603034598485,36100.08687151079,-22690.25966125891,0.0,-5793.573173694369
CSEG_05,G1p00_Q1p40,16.434808366310936,23067.971747085314,22555.692049092737,434308.4248059338,3057.603034598485,36100.08687151079,-22690.25966125891,0.0,-5793.573173694369
CSEG_06,G1p35_Q1p40,19.9615904845124,30222.72597705922,29710.26037184762,421472.9042686535,3074.540351772271,36098.30728647206,-22107.97319217181,0.0,-5793.573173694369
CSEG_06,G1p00_Q1p40,19.9615904845124,22484.935359799085,21972.469754587484,423498.516918805,3074.540351772271,36098.30728647206,-22107.97319217181,0.0,-5793.573173694369
CSEG_07,G1p35_Q1p40,23.629443294005227,29404.73249515258,28892.138361348214,410167.6749696003,3091.2428615865865,36096.70449676857,-21502.69297187194,0.0,-5793.573173694369
CSEG_07,G1p00_Q1p40,23.629443294005227,21878.7899549974,21366.195821193032,412193.22229287954,3091.2428615865865,36096.70449676857,-21502.69297187194,0.0,-5793.573173694369
CSEG_08,G1p35_Q1p40,27.2972920573388,28586.710219430137,28074.00672878854,398804.9722104436,3106.469648373249,36095.19850110671,-20897.401702859832,0.0,-5793.573173694369
CSEG_08,G1p00_Q1p40,27.2972920573388,21272.619623429193,20759.916132787595,400830.4489281002,3106.469648373249,36095.19850110671,-20897.401702859832,0.0,-5793.573173694369
CSEG_09,G1p35_Q1p40,30.965140820672367,27772.76592626048,27259.906536791197,387390.8629189414,3119.8380757164878,36093.89051751963,-20295.101872680512,0.0,-5793.573173694369
CSEG_09,G1p00_Q1p40,30.965140820672367,20669.4802708223,20156.620881353017,389416.26324782334,3119.8380757164878,36093.89051751963,-20295.101872680512,0.0,-5793.573173694369
CSEG_10,G1p35_Q1p40,34.63298688656643,26963.990368237897,26450.950560113884,375930.2947755693,3131.066667149238,36092.816210901015,-19696.61522930512,0.0,-5793.573173694369
CSEG_10,G1p00_Q1p40,34.63298688656643,20070.175037981102,19557.13522985709,377955.6120283301,3131.066667149238,36092.816210901015,-19696.61522930512,0.0,-5793.573173694369
CSEG_11,G1p35_Q1p40,38.15976226116913,26189.14254999344,25675.987851947466,364876.4195585847,3139.6414037792924,36091.88348362572,-19123.269930579707,0.0,-5793.573173694369
CSEG_11,G1p00_Q1p40,38.15976226116913,19495.998074290543,18982.843376244567,366901.65012557537,3139.6414037792924,36091.88348362572,-19123.269930579707,0.0,-5793.573173694369
CSEG_12,G1p35_Q1p40,41.82761102450269,25388.17920391439,24874.835859260435,353391.037269671,3146.162408995378,36091.00973305135,-18530.60595854271,0.0,-5793.573173694369
CSEG_12,G1p00_Q1p40,41.82761102450269,18902.46711842444,18389.123773770483,355416.1541259587,3146.162408995378,36091.00973305135,-18530.60595854271,0.0,-5793.573173694369
CSEG_13,G1p35_Q1p40,45.49544986281167,24595.67508661354,24082.192248844178,341898.55425190285,3150.2545189875145,36090.353115599566,-17944.28118514027,0.0,-5793.573173694369
CSEG_13,G1p00_Q1p40,45.49544986281167,18315.176671814446,17801.693834045083,343923.53842072055,3150.2545189875145,36090.353115599566,-17944.28118514027,0.0,-5793.573173694369
CSEG_14,G1p35_Q1p40,49.16328849857533,23811.733336381763,23297.977035375032,330444.1426508744,3151.9477412661595,36089.813245252655,-17364.215507208828,0.0,-5793.573173694369
CSEG_14,G1p00_Q1p40,49.16328849857533,17734.25790885867,17220.50160785194,332468.98769322684,3151.9477412661595,36089.813245252655,-17364.215507208828,0.0,-5793.573173694369
CSEG_15,G1p35_Q1p40,52.83112849185108,23034.058828179623,22520.198646298188,319103.50141559687,3151.2633487892895,36089.4318619917,-16788.867629394063,0.0,-5793.573173694369
CSEG_15,G1p00_Q1p40,52.83112849185108,17157.955157891698,16644.094976010263,321128.09346308,3151.2633487892895,36089.4318619917,-16788.867629394063,0.0,-5793.573173694369
CSEG_16,G1p35_Q1p40,56.357889344892094,22294.17273064501,21780.20590205186,308391.8973642642,3148.498942015348,36089.25844168383,-16241.347314387083,0.0,-5793.573173694369
CSEG_16,G1p00_Q1p40,56.357889344892094,16609.70117060953,16095.734342016383,310416.25935390865,3148.498942015348,36089.25844168383,-16241.347314387083,0.0,-5793.573173694369
CSEG_17,G1p35_Q1p40,60.02572219110743,21534.489860750837,21020.386320853675,297341.7469042936,3143.5992828752537,36089.24780976108,-15679.15983391191,0.0,-5793.573173694369
CSEG_17,G1p00_Q1p40,60.02572219110743,16046.783918881667,15532.680378984507,299365.89409653004,3143.5992828752537,36089.24780976108,-15679.15983391191,0.0,-5793.573173694369
CSEG_18,G1p35_Q1p40,63.69355251690293,20780.887011744984,20266.650909800243,286469.6980647816,3136.672820635775,36089.38978279093,-15121.437414261462,0.0,-5793.573173694369
CSEG_18,G1p00_Q1p40,63.69355251690293,15488.383916753473,14974.14781480873,288494.3632914241,3136.672820635775,36089.38978279093,-15121.437414261462,0.0,-5793.573173694369
CSEG_19,G1p35_Q1p40,67.36147106093047,20028.875860291155,19514.49617130251,275691.16663355916,3127.7305076318326,36089.63029476018,-14564.880633749928,0.0,-5793.573173694369
CSEG_19,G1p00_Q1p40,67.36147106093047,14931.167638478679,14416.787949490033,277715.6543207488,3127.7305076318326,36089.63029476018,-14564.880633749928,0.0,-5793.573173694369
CSEG_20,G1p35_Q1p40,71.02939355383913,19286.55826997955,18772.033680951878,264866.86477560666,3117.1649041958985,36090.162038248454,-14015.49861073436,0.0,-5793.573173694369
CSEG_20,G1p00_Q1p40,71.02939355383913,14381.133756222522,13866.60916719485,266891.1248961753,3117.1649041958985,36090.162038248454,-14015.49861073436,0.0,-5793.573173694369
CSEG_21,G1p35_Q1p40,74.55624172893728,18600.875146518963,18086.21522322413,254411.93888812125,3106.2849583060606,36090.59088367246,-13508.053356027796,0.0,-5793.573173694369
CSEG_21,G1p00_Q1p40,74.55624172893728,13873.056471909234,13358.396548614404,256435.95179813207,3106.2849583060606,36090.59088367246,-13508.053356027796,0.0,-5793.573173694369
CSEG_22,G1p35_Q1p40,78.22415681979666,17917.08097093107,17402.25148211116,243491.6620391849,3095.0000605864584,36091.21085834473,-13002.019574306958,0.0,-5793.573173694369
CSEG_22,G1p00_Q1p40,78.22415681979666,13366.374119923632,12851.544631103727,245515.38287038816,3095.0000605864584,36091.21085834473,-13002.019574306958,0.0,-5793.573173694369
CSEG_23,G1p35_Q1p40,81.89207649139588,17243.07959013496,16728.0491043952,232524.96338280488,3083.479262640296,36092.04672612871,-12503.23650997859,0.0,-5793.573173694369
CSEG_23,G1p00_Q1p40,81.89207649139588,12866.94681164245,12351.916325902688,234548.34953635585,3083.479262640296,36092.04672612871,-12503.23650997859,0.0,-5793.573173694369
CSEG_24,G1p35_Q1p40,85.55998291419847,16569.062993304404,16053.849321775928,221513.05807906768,3070.6675349019247,36092.75107834502,-12004.46587545146,0.0,-5793.573173694369
CSEG_24,G1p00_Q1p40,85.55998291419847,12367.49993689639,11852.286265367915,223536.05803625696,3070.6675349019247,36092.75107834502,-12004.46587545146,0.0,-5793.573173694369
CSEG_25,G1p35_Q1p40,89.22788659608008,15909.834619155205,15394.422699006878,210458.07138090333,3062.320561041219,36093.552010383246,-11516.64244309794,0.0,-5793.573173694369
CSEG_25,G1p00_Q1p40,89.22788659608008,11879.009764070925,11363.597843922598,212480.62238903105,3062.320561041219,36093.552010383246,-11516.64244309794,0.0,-5793.573173694369
CSEG_26,G1p35_Q1p40,92.7547229285961,15316.712890471761,14801.095892643867,199790.8691140631,3064.7056994006884,36094.291484979345,-11077.768258588689,0.0,-5793.573173694369
CSEG_26,G1p00_Q1p40,92.7547229285961,11439.49399996572,10923.877002137826,201812.9160226718,3064.7056994006884,36094.291484979345,-11077.768258588689,0.0,-5793.573173694369
CSEG_27,G1p35_Q1p40,96.42262125806784,14742.46357622943,14226.616865734666,188660.51416915416,3068.4125188298167,36094.900598155196,-10652.88450592434,0.0,-5793.573173694369
CSEG_27,G1p00_Q1p40,96.42262125806784,11013.953999155909,10498.107288661146,190681.94321992024,3068.4125188298167,36094.900598155196,-10652.88450592434,0.0,-5793.573173694369
CSEG_28,G1p35_Q1p40,100.09051759079118,14183.231003963956,13667.135461704911,177496.2245516068,3072.3829810815478,36095.44592316897,-10239.112305027802,0.0,-5793.573173694369
CSEG_28,G1p00_Q1p40,100.09051759079118,10599.541697204224,10083.446154945179,179516.91644867626,3072.3829810815478,36095.44592316897,-10239.112305027802,0.0,-5793.573173694369
CSEG_29,G1p35_Q1p40,103.7584132201532,13577.36570395304,13061.025435060092,166303.23075022362,3074.3766293153985,36095.91513211969,-9790.78801885038,0.0,-5793.573173694369
CSEG_29,G1p00_Q1p40,103.7584132201532,10150.589897355407,9634.249628462458,168323.03312165322,3074.3766293153985,36095.91513211969,-9790.78801885038,0.0,-5793.573173694369
CSEG_30,G1p35_Q1p40,107.42628766042566,12863.006175631795,12346.429380263004,155089.60625706884,3072.851853167973,36096.215130807934,-9262.05189570148,0.0,-5793.573173694369
CSEG_30,G1p00_Q1p40,107.42628766042566,9621.288012136278,9104.711216767486,157108.31997655108,3072.851853167973,36096.215130807934,-9262.05189570148,0.0,-5793.573173694369
CSEG_31,G1p35_Q1p40,110.52988996101917,12183.276387715812,11666.53826460695,145632.22865399133,3073.064973195976,36096.33824850165,-8758.837607229541,0.0,-5793.573173694369
CSEG_31,G1p00_Q1p40,110.52988996101917,9117.683225185472,8600.94510207661,147649.5911406831,3073.064973195976,36096.33824850165,-8758.837607229541,0.0,-5793.573173694369
